time,uwnd,vwnd,slp,sunspot,nino34_anom
1950-01-01,-7.4488396644592285,-0.0691042095422744,1009.4190673828124,143.8709677419355,-1.9900000095367432
1950-02-01,-7.571579933166504,-0.3855763673782348,1009.8912353515624,134.25,-1.690000057220459
1950-03-01,-6.246157169342041,-0.2424253076314926,1010.3538818359376,155.38709677419354,-1.4199999570846558
1950-04-01,-5.540468215942383,-0.1023379638791084,1008.990478515625,160.63333333333333,-1.5399999618530273
1950-05-01,-6.092428207397461,0.0800295323133468,1009.7495727539062,150.4516129032258,-1.75
1950-06-01,-6.697258472442627,0.4385414719581604,1009.8209838867188,118.33333333333331,-1.2699999809265137
1950-07-01,-6.897878170013428,0.6494764685630798,1010.7472534179688,128.8709677419355,-1.0099999904632568
1950-08-01,-6.716237545013428,1.049409031867981,1011.0460815429688,120.64516129032258,-0.9700000286102295
1950-09-01,-6.7645344734191895,1.0804368257522583,1011.5065307617188,72.66666666666667,-0.9800000190734863
1950-10-01,-6.836504936218262,1.170991063117981,1010.9630737304688,86.96774193548387,-1.0299999713897705
1950-11-01,-7.15415620803833,0.6280842423439026,1009.4625854492188,77.7,-1.2300000190734863
1950-12-01,-7.504477024078369,0.4897283911705017,1008.916015625,76.6774193548387,-1.309999942779541
1951-01-01,-7.099763870239258,-0.1054699569940567,1010.3084106445312,85.0,-1.2999999523162842
1951-02-01,-6.30876350402832,-0.3826751708984375,1009.1765747070312,84.82142857142857,-1.0399999618530273
1951-03-01,-5.226621627807617,-0.1318138986825943,1009.0029296875,79.3225806451613,-0.3799999952316284
1951-04-01,-5.377363681793213,-0.5014016032218933,1009.7125244140624,131.7,-0.23000000417232513
1951-05-01,-5.1864752769470215,-0.2895312905311584,1010.4365844726562,153.67741935483872,-0.009999999776482582
1951-06-01,-5.310356616973877,0.1924051493406295,1009.8031005859376,142.4,0.0
1951-07-01,-6.091033458709717,0.5497898459434509,1009.9046020507812,87.16129032258064,0.30000001192092896
1951-08-01,-5.903887271881104,0.5852736830711365,1010.9722290039062,86.45161290322581,0.17000000178813934
1951-09-01,-6.578068256378174,1.1343668699264526,1010.4111328125,117.66666666666669,0.5099999904632568
1951-10-01,-6.081761360168457,0.911793053150177,1010.5100708007812,73.25806451612904,0.49000000953674316
1951-11-01,-6.511737823486328,0.0920049399137497,1009.137939453125,74.2,0.550000011920929
1951-12-01,-6.84437894821167,-0.039429847151041,1009.3914184570312,64.96774193548387,0.3100000023841858
1952-01-01,-6.958467483520508,-0.566480815410614,1008.7951049804688,57.87096774193548,0.12999999523162842
1952-02-01,-6.121649265289307,-0.7058570981025696,1008.8020629882812,32.44827586206897,-0.009999999776482582
1952-03-01,-5.46138334274292,-0.4076880216598511,1009.6334228515624,31.548387096774192,-0.10999999940395355
1952-04-01,-5.04094123840332,-0.6342809200286865,1009.86572265625,41.7,-0.019999999552965164
1952-05-01,-5.930615425109863,-0.5875158905982971,1009.5029296875,33.61290322580645,-0.14000000059604645
1952-06-01,-6.252414226531982,-0.076464906334877,1010.3401489257812,52.0,-0.5400000214576721
1952-07-01,-6.879088878631592,0.322914183139801,1010.7686767578124,56.064516129032256,-0.7599999904632568
1952-08-01,-6.931481838226318,0.758711576461792,1010.6024780273438,77.7741935483871,-0.5600000023841858
1952-09-01,-6.582896709442139,0.9094020128250122,1010.6038818359376,40.43333333333333,-0.36000001430511475
1952-10-01,-7.219794750213623,0.5095562934875488,1009.7171020507812,34.193548387096776,-0.46000000834465027
1952-11-01,-6.755401134490967,-0.2032459080219268,1009.224609375,31.83333333333333,-0.7799999713897705
1952-12-01,-7.145700454711914,-0.8347724676132202,1010.0505981445312,48.87096774193548,-0.38999998569488525
1953-01-01,-6.8619303703308105,-1.1630398035049438,1009.9420166015624,37.87096774193548,0.20000000298023224
1953-02-01,-5.18602180480957,-0.7124779224395752,1009.85302734375,5.892857142857143,0.23999999463558197
1953-03-01,-5.141822814941406,-0.6734391450881958,1009.2285766601562,14.67741935483871,0.28999999165534973
1953-04-01,-4.771376132965088,-0.7407442331314087,1010.0435180664062,39.6,0.2199999988079071
1953-05-01,-4.558043956756592,-0.9167112112045288,1010.3368530273438,18.29032258064516,0.3499999940395355
1953-06-01,-5.7642998695373535,-0.2082267999649047,1009.9911499023438,31.5,0.38999998569488525
1953-07-01,-6.184941291809082,0.269617885351181,1010.5860595703124,12.709677419354838,0.14000000059604645
1953-08-01,-6.51943302154541,0.635722279548645,1010.40283203125,33.645161290322584,0.09000000357627869
1953-09-01,-6.383908748626709,1.05095112323761,1010.6991577148438,27.966666666666665,0.28999999165534973
1953-10-01,-6.50692892074585,0.6552153825759888,1010.63720703125,12.290322580645162,0.1599999964237213
1953-11-01,-6.923569679260254,0.2541288137435913,1009.92333984375,2.5,0.18000000715255737
1953-12-01,-6.592919826507568,-0.1804714202880859,1009.7799072265624,3.935483870967742,0.4099999964237213
1954-01-01,-6.692108631134033,-0.2061487436294555,1008.8165893554688,0.3548387096774194,0.4300000071525574
1954-02-01,-6.133018970489502,-0.6421003341674805,1009.7755737304688,0.7857142857142857,0.2800000011920929
1954-03-01,-5.601533889770508,-0.6106956601142883,1009.4185180664062,15.806451612903226,-0.3799999952316284
1954-04-01,-6.2926106452941895,-0.5524935722351074,1009.2344970703124,2.6666666666666665,-1.1699999570846558
1954-05-01,-6.13410234451294,-0.3601519763469696,1009.0640869140624,1.1935483870967742,-0.8100000023841858
1954-06-01,-6.315347194671631,-0.0808013528585434,1010.0033569335938,0.3666666666666666,-0.9300000071525574
1954-07-01,-7.284719467163086,0.7904871702194214,1009.9493408203124,7.258064516129032,-1.1799999475479126
1954-08-01,-7.458907127380371,1.2977652549743652,1010.5764770507812,12.612903225806452,-1.4299999475479126
1954-09-01,-7.294433116912842,1.165119171142578,1010.73095703125,2.3,-1.600000023841858
1954-10-01,-6.789715766906738,0.9700940847396852,1010.9926147460938,10.451612903225806,-1.4800000190734863
1954-11-01,-6.678811073303223,0.4632558226585388,1010.935546875,13.4,-1.1299999952316284
1954-12-01,-7.506833076477051,0.3906899988651275,1009.4612426757812,11.258064516129032,-1.3300000429153442
1955-01-01,-7.280247211456299,-0.2110428810119629,1010.1492309570312,33.41935483870968,-0.9300000071525574
1955-02-01,-6.560252666473389,0.2483249902725219,1008.4979248046876,29.892857142857142,-0.949999988079071
1955-03-01,-5.637279033660889,-0.3842716515064239,1008.8409423828124,7.290322580645161,-1.059999942779541
1955-04-01,-5.138382434844971,-0.653928279876709,1009.103515625,16.433333333333334,-1.2200000286102295
1955-05-01,-6.262612342834473,-0.2788461446762085,1009.9523315429688,41.29032258064516,-1.2799999713897705
1955-06-01,-6.517013549804688,0.0040301708504557,1010.2380981445312,45.16666666666666,-1.1799999475479126
1955-07-01,-7.029843807220459,0.6567975282669067,1010.7013549804688,38.193548387096776,-1.149999976158142
1955-08-01,-7.518037796020508,1.132557988166809,1010.9327392578124,58.03225806451613,-1.350000023841858
1955-09-01,-7.782549858093262,1.2185258865356443,1011.1026000976562,60.8,-1.4299999475479126
1955-10-01,-7.486209392547607,1.3254858255386353,1011.3329467773438,83.0,-2.309999942779541
1955-11-01,-7.775642395019531,1.0676778554916382,1010.196044921875,126.26666666666668,-2.450000047683716
1955-12-01,-7.431551456451416,0.4462597370147705,1010.383056640625,108.83870967741936,-2.0299999713897705
1956-01-01,-7.218799591064453,0.0559311248362064,1008.6442260742188,104.12903225806453,-1.2000000476837158
1956-02-01,-6.272595882415772,0.0368522889912128,1008.8424682617188,175.6206896551724,-0.9900000095367432
1956-03-01,-6.069567680358887,-0.0728216543793678,1009.072021484375,167.67741935483872,-0.8299999833106995
1956-04-01,-5.375284194946289,-0.4484268426895141,1009.1627197265624,156.73333333333332,-0.9700000286102295
1956-05-01,-5.966514587402344,-0.1398938298225402,1009.5448608398438,193.38709677419357,-0.800000011920929
1956-06-01,-6.4647088050842285,-0.0104141049087047,1010.162353515625,165.06666666666666,-0.9200000166893005
1956-07-01,-6.9697699546813965,0.5455932021141052,1010.8447265625,182.74193548387095,-1.059999942779541
1956-08-01,-7.148805618286133,1.0135347843170166,1010.7449951171876,240.1935483870968,-1.1699999570846558
1956-09-01,-6.708439350128174,0.7911701202392578,1010.4557495117188,245.4333333333333,-0.9800000190734863
1956-10-01,-7.122747421264648,0.8494396209716797,1010.4035034179688,219.93548387096772,-0.9700000286102295
1956-11-01,-6.975400924682617,0.2575412392616272,1009.8552856445312,285.03333333333336,-1.1399999856948853
1956-12-01,-7.096658229827881,-0.2358262985944748,1009.0625610351562,272.0,-0.8899999856948853
1957-01-01,-6.847404956817627,-0.3111534714698791,1009.5145263671876,233.67741935483872,-0.5099999904632568
1957-02-01,-6.388824939727783,-0.7178415656089783,1008.1248779296876,184.4642857142857,-0.2199999988079071
1957-03-01,-5.067509651184082,-0.8299553990364075,1009.690673828125,222.80645161290323,0.18000000715255737
1957-04-01,-4.7727789878845215,-0.3899603486061096,1009.3329467773438,248.03333333333333,0.4099999964237213
1957-05-01,-4.826127052307129,-0.464044451713562,1009.7198486328124,233.0,0.6200000047683716
1957-06-01,-5.323242664337158,-0.3669729232788086,1009.446533203125,284.3333333333333,0.6299999952316284
1957-07-01,-6.191061019897461,0.1260600835084915,1009.7578125,265.0967741935484,0.8700000047683716
1957-08-01,-6.15824031829834,0.3815625011920929,1009.2857666015624,223.70967741935485,0.8399999737739563
1957-09-01,-6.002997875213623,0.4970907568931579,1010.0494995117188,334.0,0.7200000286102295
1957-10-01,-5.666495323181152,0.5157191753387451,1010.5546875,359.38709677419354,0.699999988079071
1957-11-01,-5.19347095489502,0.1557794958353042,1008.7417602539062,298.6333333333333,0.9200000166893005
1957-12-01,-5.681358814239502,-0.1646680682897567,1008.3806762695312,339.0,1.2999999523162842
1958-01-01,-4.755620002746582,-0.8160569667816162,1009.6301879882812,286.6774193548387,1.7799999713897705
1958-02-01,-4.683763980865479,-0.6649916768074036,1009.708984375,233.6071428571429,1.4900000095367432
1958-03-01,-3.85006594657898,-0.5207082629203796,1009.0089111328124,270.0,0.9800000190734863
1958-04-01,-4.430366516113281,-0.7629698514938354,1009.73974609375,277.56666666666666,0.46000000834465027
1958-05-01,-5.2041916847229,-0.8282507061958313,1009.12060546875,248.2258064516129,0.3799999952316284
1958-06-01,-6.025732040405273,-0.5425636768341064,1009.7330932617188,242.86666666666667,0.25999999046325684
1958-07-01,-6.242422103881836,0.2336326837539672,1010.3905639648438,270.96774193548384,0.029999999329447746
1958-08-01,-6.68724536895752,0.3513346016407013,1009.9099731445312,283.51612903225805,-0.009999999776482582
1958-09-01,-6.288054943084717,0.7238140106201172,1010.1983642578124,285.06666666666666,-0.3199999928474426
1958-10-01,-6.411721706390381,0.4361274242401123,1009.8240356445312,256.9032258064516,-0.27000001072883606
1958-11-01,-6.148036479949951,0.5504966974258423,1009.282470703125,215.6,0.05000000074505806
1958-12-01,-5.808422088623047,-0.7517713308334351,1009.3994140625,265.6774193548387,0.019999999552965164
1959-01-01,-5.609718322753906,-0.3573687672615051,1008.9365234375,307.7096774193548,0.5299999713897705
1959-02-01,-5.538198471069336,-0.3921652436256408,1008.80126953125,202.6071428571429,0.4300000071525574
1959-03-01,-5.04335355758667,-0.4363520741462707,1009.8679809570312,262.96774193548384,0.1899999976158142
1959-04-01,-4.670979022979736,-0.5848432183265686,1008.7915649414062,231.3,0.05999999865889549
1959-05-01,-5.826247215270996,-0.3606099486351013,1008.9140014648438,243.58064516129036,-0.23000000417232513
1959-06-01,-5.826813697814941,-0.507182776927948,1010.0790405273438,238.9,-0.3499999940395355
1959-07-01,-6.397985458374023,0.0669813156127929,1010.4613037109376,211.8709677419355,-0.8600000143051147
1959-08-01,-6.49836015701294,0.3561395406723022,1009.8516235351562,282.5806451612903,-0.7699999809265137
1959-09-01,-6.761632919311523,0.7726490497589111,1010.1185913085938,205.56666666666663,-0.800000011920929
1959-10-01,-6.545054912567139,0.6536572575569153,1010.2156982421876,157.74193548387098,-0.47999998927116394
1959-11-01,-6.941188812255859,0.1851886063814163,1009.4505004882812,175.63333333333333,-0.6600000262260437
1959-12-01,-6.787939071655273,-0.0344411097466945,1008.6223754882812,177.09677419354838,-0.41999998688697815
1960-01-01,-6.833713054656982,-0.6508896350860596,1009.3812255859376,207.16129032258064,-0.2800000011920929
1960-02-01,-6.348818778991699,-0.7927571535110474,1009.3117065429688,149.93103448275863,-0.46000000834465027
1960-03-01,-5.27628755569458,-0.7004686594009399,1009.5598754882812,144.6451612903226,-0.30000001192092896
1960-04-01,-5.140928268432617,-0.6464778184890747,1009.0842895507812,172.7,-0.33000001311302185
1960-05-01,-6.212118148803711,-0.8688311576843262,1009.1350708007812,169.32258064516128,-0.25
1960-06-01,-6.218883514404297,-0.4251572787761688,1009.9224243164062,156.0,-0.49000000953674316
1960-07-01,-7.272075176239014,0.0637402683496475,1010.0186767578124,172.4193548387097,-0.4099999964237213
1960-08-01,-6.93634843826294,0.2539982795715332,1010.2592163085938,189.96774193548387,-0.15000000596046448
1960-09-01,-7.253702640533447,0.5006617903709412,1009.9249267578124,180.13333333333333,-0.2800000011920929
1960-10-01,-6.914781093597412,0.4586559534072876,1010.6704711914062,117.25806451612904,-0.49000000953674316
1960-11-01,-7.473641395568848,0.2653221487998962,1010.0348510742188,126.93333333333334,-0.44999998807907104
1960-12-01,-7.0864338874816895,-0.0430892780423164,1009.7577514648438,121.16129032258064,-0.3799999952316284
1961-01-01,-6.783070087432861,-0.6484872102737427,1009.2034301757812,82.12903225806451,-0.3100000023841858
1961-02-01,-6.695518493652344,-0.8546788692474365,1008.9010620117188,65.39285714285714,-0.1899999976158142
1961-03-01,-5.354515075683594,-1.0124748945236206,1009.5841064453124,75.16129032258064,-0.3499999940395355
1961-04-01,-5.441830158233643,-1.1977256536483765,1009.24462890625,86.86666666666666,-0.46000000834465027
1961-05-01,-5.930446624755859,-0.8844318389892578,1009.7538452148438,72.25806451612904,-0.18000000715255737
1961-06-01,-6.156442642211914,-0.5732525587081909,1009.4820556640624,109.5,-0.05999999865889549
1961-07-01,-6.9625115394592285,0.1786311864852905,1010.3336791992188,99.3225806451613,-0.4099999964237213
1961-08-01,-7.597610950469971,0.4766620099544525,1010.5257568359376,79.2258064516129,-0.6700000166893005
1961-09-01,-7.100233554840088,0.612191915512085,1010.2921142578124,90.06666666666666,-0.9399999976158142
1961-10-01,-6.635045051574707,0.7537371516227722,1010.22119140625,53.70967741935484,-1.0099999904632568
1961-11-01,-6.874016284942627,0.5430680513381958,1010.332275390625,46.46666666666667,-0.6299999952316284
1961-12-01,-7.110224723815918,0.0799276009202003,1009.7421875,56.87096774193548,-0.6299999952316284
1962-01-01,-7.3181304931640625,0.0139707382768392,1009.4541625976562,55.12903225806452,-0.5899999737739563
1962-02-01,-5.988368988037109,-0.5530360341072083,1009.846923828125,71.67857142857143,-0.5699999928474426
1962-03-01,-5.703132152557373,-0.5809081196784973,1009.7882690429688,64.87096774193549,-0.47999998927116394
1962-04-01,-6.26859188079834,-0.9973064661026,1009.5465087890624,65.86666666666666,-0.6899999976158142
1962-05-01,-6.931746006011963,-0.3835378885269165,1009.85400390625,61.935483870967744,-0.8899999856948853
1962-06-01,-6.297452449798584,0.0251284278929233,1010.5107421875,59.56666666666667,-0.6499999761581421
1962-07-01,-7.5572509765625,0.376305490732193,1009.9616088867188,31.41935483870968,-0.5299999713897705
1962-08-01,-7.379073143005371,0.985832452774048,1011.3912353515624,31.451612903225808,-0.5299999713897705
1962-09-01,-7.4813127517700195,1.1314363479614258,1010.4384155273438,72.7,-0.7799999713897705
1962-10-01,-7.525620460510254,0.815737247467041,1010.9595336914062,56.096774193548384,-0.75
1962-11-01,-7.061185359954834,0.3043729066848755,1009.9276733398438,38.8,-0.949999988079071
1962-12-01,-7.03126335144043,0.0170951262116432,1010.1654663085938,33.225806451612904,-0.9300000071525574
1963-01-01,-6.746308326721191,-0.1678788363933563,1009.5289916992188,28.70967741935484,-0.7799999713897705
1963-02-01,-5.939338207244873,-0.527845561504364,1010.5623779296876,35.17857142857143,-0.5299999713897705
1963-03-01,-5.75400447845459,-0.1540262848138809,1008.9447631835938,24.83870967741936,-0.10000000149011612
1963-04-01,-4.720810890197754,-0.5497035980224609,1009.5,41.73333333333333,-0.029999999329447746
1963-05-01,-5.930167675018311,-0.4149232506752014,1008.962646484375,61.096774193548384,-0.30000001192092896
1963-06-01,-4.97398567199707,-0.2575382590293884,1010.02685546875,51.23333333333333,-0.10999999940395355
1963-07-01,-5.77134370803833,0.1748647093772888,1009.6793823242188,28.677419354838708,0.49000000953674316
1963-08-01,-6.75367546081543,0.5453408360481262,1009.3783569335938,47.45161290322581,0.6200000047683716
1963-09-01,-5.731083869934082,0.5620902180671692,1010.2276000976562,55.23333333333333,0.6800000071525574
1963-10-01,-5.731595516204834,0.3894853889942169,1010.5726318359376,50.12903225806452,0.6399999856948853
1963-11-01,-4.974175930023193,0.5376204252243042,1010.5328369140624,33.666666666666664,0.7699999809265137
1963-12-01,-5.285710334777832,-0.152216762304306,1009.8203125,21.64516129032258,1.0199999809265137
1964-01-01,-5.680723190307617,-0.3795836269855499,1009.4942626953124,22.61290322580645,0.7900000214576721
1964-02-01,-5.378330230712891,-0.5253517031669617,1009.2816162109376,25.27586206896552,0.3799999952316284
1964-03-01,-4.9533867835998535,-0.4242104887962341,1009.9761962890624,24.06451612903226,-0.25999999046325684
1964-04-01,-5.947487831115723,-0.4418589174747467,1009.90380859375,12.866666666666667,-0.8700000047683716
1964-05-01,-6.32710075378418,-0.4210340082645416,1010.2643432617188,14.290322580645162,-1.1200000047683716
1964-06-01,-6.460452079772949,-0.0353923738002777,1010.611083984375,13.533333333333331,-1.1399999856948853
1964-07-01,-6.973033428192139,0.9338353276252748,1010.5516357421876,4.774193548387097,-0.9599999785423279
1964-08-01,-7.298907279968262,1.205611228942871,1010.882568359375,13.774193548387096,-1.2599999904632568
1964-09-01,-6.9865593910217285,0.9244489669799804,1010.4490356445312,7.0,-1.399999976158142
1964-10-01,-6.697880744934082,0.9703638553619384,1011.1903076171876,9.161290322580646,-1.350000023841858
1964-11-01,-6.625753402709961,0.0941886603832244,1009.8243408203124,11.1,-1.440000057220459
1964-12-01,-6.612446308135986,-0.241666778922081,1009.5930786132812,22.06451612903226,-1.3700000047683716
1965-01-01,-6.103466987609863,-0.3976882994174957,1009.1848754882812,25.387096774193548,-0.8899999856948853
1965-02-01,-5.545205593109131,-0.4165734648704529,1008.5156860351562,20.785714285714285,-0.5600000023841858
1965-03-01,-3.8828554153442383,-0.6931445002555847,1010.0289306640624,17.451612903225808,-0.3400000035762787
1965-04-01,-3.733417510986328,-0.7240968346595764,1010.4579467773438,10.166666666666666,-0.4399999976158142
1965-05-01,-4.140044689178467,-0.8313748240470886,1009.5807495117188,34.54838709677419,0.05999999865889549
1965-06-01,-4.355395317077637,-0.4184050559997558,1010.6810302734376,23.266666666666666,0.36000001430511475
1965-07-01,-5.222751140594482,-0.1805455535650253,1010.04345703125,17.322580645161292,0.6100000143051147
1965-08-01,-5.194784641265869,0.2797127664089203,1009.91064453125,13.290322580645162,1.1200000047683716
1965-09-01,-5.013068675994873,0.2537918388843536,1010.2969360351562,24.466666666666665,1.2899999618530273
1965-10-01,-5.101304054260254,0.3219553232192993,1010.0994873046876,29.12903225806452,1.4500000476837158
1965-11-01,-4.686779022216797,-0.0265636462718248,1009.5780639648438,22.83333333333333,1.4199999570846558
1965-12-01,-5.126284122467041,-0.322293609380722,1008.4951171875,24.677419354838708,1.3600000143051147
1966-01-01,-4.336204528808594,-0.4727175831794739,1008.7084350585938,40.32258064516129,1.1200000047683716
1966-02-01,-4.285358905792236,-0.2293286025524139,1009.1166381835938,35.285714285714285,0.800000011920929
1966-03-01,-3.7822751998901367,-0.609771192073822,1008.831787109375,36.354838709677416,0.9300000071525574
1966-04-01,-4.554385662078857,-0.8359794020652771,1009.417724609375,69.0,0.3499999940395355
1966-05-01,-4.914486885070801,-0.3592797517776489,1010.9591674804688,64.2258064516129,-0.3799999952316284
1966-06-01,-5.739871025085449,0.1122014671564102,1010.9693603515624,67.66666666666667,-0.07999999821186066
1966-07-01,-6.674314498901367,0.5412886738777161,1009.9314575195312,80.2258064516129,0.03999999910593033
1966-08-01,-7.046563625335693,0.6372179985046387,1010.830078125,72.64516129032258,-0.3700000047683716
1966-09-01,-6.227179050445557,0.5971537828445435,1011.2068481445312,71.1,-0.4399999976158142
1966-10-01,-6.405979633331299,0.9292395710945128,1010.81494140625,81.16129032258064,-0.5
1966-11-01,-6.476439476013184,0.698229968547821,1009.7910766601562,80.96666666666667,-0.4699999988079071
1966-12-01,-6.451457500457764,0.2279490083456039,1009.4234619140624,99.7741935483871,-0.5699999928474426
1967-01-01,-7.031834602355957,-0.0310645718127489,1009.1947631835938,157.03225806451613,-0.6700000166893005
1967-02-01,-5.9894843101501465,-0.0965905115008354,1009.8289184570312,132.60714285714286,-0.6399999856948853
1967-03-01,-5.000243663787842,-0.3446806371212005,1009.3308715820312,158.32258064516128,-0.7799999713897705
1967-04-01,-5.084534168243408,-0.062325619161129,1010.0657958984376,98.43333333333334,-1.0800000429153442
1967-05-01,-5.63129472732544,-0.2144010663032531,1009.7548217773438,122.51612903225806,-0.5899999737739563
1967-06-01,-6.1435627937316895,0.242849051952362,1010.1138916015624,95.4,-0.25999999046325684
1967-07-01,-6.768465042114258,0.6275774240493774,1010.0403442382812,129.4516129032258,-0.33000001311302185
1967-08-01,-6.9068522453308105,0.9895805716514589,1010.7642822265624,151.7741935483871,-0.41999998688697815
1967-09-01,-6.535016536712647,1.1558172702789309,1011.5170288085938,108.7,-0.8600000143051147
1967-10-01,-6.130646705627441,1.175107479095459,1011.0459594726562,124.96774193548389,-0.7400000095367432
1967-11-01,-6.30596923828125,0.5943886637687683,1009.969482421875,133.6,-0.6200000047683716
1967-12-01,-6.396913528442383,0.1528247892856598,1009.739501953125,178.96774193548387,-0.6499999761581421
1968-01-01,-7.378486633300781,-0.0271475277841091,1008.3056640625,172.4516129032258,-0.8500000238418579
1968-02-01,-6.677912712097168,-0.4155616462230682,1009.739501953125,158.48275862068965,-1.0700000524520874
1968-03-01,-6.808081150054932,-0.350711315870285,1009.694091796875,130.5483870967742,-0.949999988079071
1968-04-01,-4.462538242340088,-0.3471890389919281,1010.3853149414062,115.0,-0.7200000286102295
1968-05-01,-4.941478729248047,-0.4012181460857391,1010.5540771484376,180.0,-0.75
1968-06-01,-5.4389472007751465,0.113788716495037,1011.0638427734376,156.16666666666666,0.15000000596046448
1968-07-01,-6.439626216888428,0.3378171622753143,1010.4976806640624,136.19354838709677,0.2800000011920929
1968-08-01,-6.3741455078125,0.8247018456459045,1011.2125854492188,154.83870967741936,0.1599999964237213
1968-09-01,-5.832112789154053,0.9649409651756288,1011.0301513671876,165.96666666666667,0.009999999776482582
1968-10-01,-5.718308925628662,0.5835129618644714,1010.6040649414062,152.5483870967742,0.03999999910593033
1968-11-01,-5.74292516708374,0.3375694751739502,1010.3145141601562,121.7,0.5
1968-12-01,-6.37243127822876,0.1056695878505706,1008.8633422851562,155.48387096774192,0.6700000166893005
1969-01-01,-5.591137886047363,-0.5314579606056213,1007.4116821289062,147.7741935483871,0.949999988079071
1969-02-01,-4.531991481781006,-0.2330530285835266,1008.1107788085938,170.53571428571428,1.1100000143051147
1969-03-01,-4.848616123199463,-0.5451290011405945,1010.048095703125,192.29032258064515,0.5400000214576721
1969-04-01,-3.988357305526733,-1.0712685585021973,1009.9290771484376,151.13333333333333,0.3100000023841858
1969-05-01,-5.17479419708252,-0.6227912306785583,1009.7150268554688,169.90322580645162,0.3499999940395355
1969-06-01,-5.244578838348389,-0.1881446540355682,1010.3284912109376,150.06666666666666,-0.03999999910593033
1969-07-01,-6.605128765106201,0.4185113906860351,1010.21875,137.1290322580645,-0.20999999344348907
1969-08-01,-5.615948677062988,0.751930832862854,1010.928466796875,138.7741935483871,0.1599999964237213
1969-09-01,-5.977019786834717,0.441963255405426,1010.0711059570312,129.3,0.4300000071525574
1969-10-01,-4.985804557800293,0.2592178881168365,1010.1636352539062,135.38709677419354,0.6200000047683716
1969-11-01,-5.981363296508789,-0.1008937135338783,1009.5006103515624,132.4,0.4000000059604645
1969-12-01,-5.68096923828125,-0.3131659626960754,1009.1878051757812,138.6451612903226,0.3799999952316284
1970-01-01,-6.193699836730957,-0.7885147333145142,1009.7325439453124,157.8709677419355,0.2800000011920929
1970-02-01,-5.635644435882568,-1.335788011550903,1009.0506591796876,180.82142857142856,0.20000000298023224
1970-03-01,-5.068633556365967,-1.4793318510055542,1009.2230834960938,145.74193548387098,-0.14000000059604645
1970-04-01,-4.689201831817627,-1.088589072227478,1009.8838500976562,155.06666666666666,-0.07999999821186066
1970-05-01,-5.552004337310791,-1.175934076309204,1010.2288208007812,180.48387096774192,-0.30000001192092896
1970-06-01,-6.37083911895752,-0.1015604212880134,1010.7951049804688,151.3,-0.6899999976158142
1970-07-01,-6.777144432067871,0.2723731100559234,1011.4823608398438,159.29032258064515,-1.0800000429153442
1970-08-01,-7.767708778381348,0.7327018976211548,1010.8348999023438,131.67741935483872,-1.2599999904632568
1970-09-01,-6.835903167724609,0.4552935063838959,1011.0012817382812,140.83333333333334,-1.0700000524520874
1970-10-01,-7.18402910232544,0.3460627496242523,1010.2031860351562,122.64516129032258,-1.1200000047683716
1970-11-01,-6.951749801635742,-0.1463667154312133,1010.8587036132812,134.8,-1.1299999952316284
1970-12-01,-7.164928436279297,-0.2512767016887665,1008.91650390625,118.19354838709675,-1.3300000429153442
1971-01-01,-6.745048999786377,-0.5722351670265198,1009.437744140625,129.2258064516129,-1.7300000190734863
1971-02-01,-7.246545791625977,-1.2073523998260498,1009.3634643554688,111.82142857142856,-1.5700000524520874
1971-03-01,-5.604674339294434,-0.9144657850265504,1009.96533203125,85.93548387096774,-1.3600000143051147
1971-04-01,-5.188683986663818,-0.9365351796150208,1009.8217163085938,101.63333333333334,-1.1799999475479126
1971-05-01,-5.757273197174072,-0.5482719540596008,1010.6522827148438,81.51612903225806,-0.9800000190734863
1971-06-01,-6.203836917877197,0.0282807722687721,1011.0152587890624,70.66666666666667,-1.1299999952316284
1971-07-01,-6.50967264175415,0.5060412883758545,1010.6890869140624,114.70967741935485,-1.1699999570846558
1971-08-01,-6.842372894287109,0.5630367994308472,1011.2018432617188,87.0,-1.100000023841858
1971-09-01,-6.847251892089844,0.4967791140079498,1011.3302001953124,71.26666666666667,-1.0
1971-10-01,-7.07213020324707,0.6895897388458252,1011.3146362304688,73.35483870967742,-1.2400000095367432
1971-11-01,-6.515744209289551,0.0680078119039535,1010.2510375976562,89.46666666666667,-1.149999976158142
1971-12-01,-6.791883945465088,-0.3557251989841461,1008.3834838867188,116.4516129032258,-1.2300000190734863
1972-01-01,-6.097835063934326,-0.4101982414722442,1009.1036987304688,87.0,-0.9200000166893005
1972-02-01,-6.265929698944092,-0.6371611952781677,1009.1759033203124,125.27586206896552,-0.44999998807907104
1972-03-01,-4.763700008392334,-1.2275900840759275,1009.365478515625,113.51612903225806,-0.1899999976158142
1972-04-01,-3.796287298202514,-1.231928825378418,1009.5513305664062,89.63333333333334,0.07000000029802322
1972-05-01,-4.662201404571533,-0.7562229037284851,1009.2622680664062,113.90322580645162,0.3799999952316284
1972-06-01,-5.327966213226318,-0.3615127801895141,1009.8204345703124,124.7,0.44999998807907104
1972-07-01,-5.089767456054688,-0.3183057010173797,1009.3338012695312,108.25806451612904,0.8500000238418579
1972-08-01,-4.3531012535095215,0.2571809589862823,1010.2184448242188,108.87096774193547,1.090000033378601
1972-09-01,-4.890356540679932,-0.1016841903328895,1009.5839233398438,90.66666666666669,1.2300000190734863
1972-10-01,-4.250699043273926,-0.2128036171197891,1009.881103515625,86.93548387096774,1.5399999618530273
1972-11-01,-4.154309749603272,-0.6827635765075684,1009.3966674804688,59.23333333333333,1.899999976158142
1972-12-01,-4.378787994384766,-0.737445592880249,1009.1327514648438,64.29032258064517,2.0899999141693115
1973-01-01,-4.808858394622803,-1.2222259044647217,1008.8743896484376,61.774193548387096,1.7999999523162842
1973-02-01,-4.568110942840576,-1.8381212949752808,1009.8909301757812,60.85714285714285,1.2000000476837158
1973-03-01,-4.514864921569824,-1.503869652748108,1009.8778076171876,65.35483870967742,0.27000001072883606
1973-04-01,-4.299715518951416,-1.1093127727508545,1009.8408203125,81.8,-0.5799999833106995
1973-05-01,-4.900019645690918,-0.6355225443840027,1010.9280395507812,60.25806451612903,-0.9700000286102295
1973-06-01,-5.948007583618164,-0.4476462006568908,1010.8729858398438,56.13333333333333,-1.1799999475479126
1973-07-01,-5.325875282287598,0.0476635694503784,1011.34375,33.225806451612904,-1.5399999618530273
1973-08-01,-6.502756595611572,0.4076327681541443,1011.6137084960938,36.61290322580645,-1.6299999952316284
1973-09-01,-6.228610515594482,0.4406807720661163,1012.3110961914062,84.06666666666666,-1.659999966621399
1973-10-01,-5.897061824798584,0.0899337977170944,1011.3953857421876,43.74193548387097,-1.9800000190734863
1973-11-01,-6.764692783355713,0.1546650826930999,1010.8621826171876,34.3,-2.369999885559082
1973-12-01,-6.992578506469727,-0.2351108342409134,1010.8878784179688,33.32258064516129,-2.259999990463257
1974-01-01,-5.989002704620361,-0.5977495908737183,1010.06005859375,39.354838709677416,-2.0899999141693115
1974-02-01,-6.358889102935791,-0.3608182966709137,1009.6963500976562,37.25,-1.659999966621399
1974-03-01,-5.101583480834961,-0.7573042511940002,1010.6237182617188,30.90322580645161,-1.4500000476837158
1974-04-01,-5.401236534118652,-0.3674780130386352,1009.429931640625,57.46666666666667,-1.3600000143051147
1974-05-01,-5.427119731903076,-0.0146069228649139,1010.5642700195312,56.29032258064516,-1.2899999618530273
1974-06-01,-5.484097003936768,-0.3320271670818329,1010.649658203125,51.46666666666667,-1.2000000476837158
1974-07-01,-6.992698669433594,0.2243639379739761,1011.094482421875,79.12903225806451,-0.8999999761581421
1974-08-01,-6.221113681793213,1.0477771759033203,1011.0286254882812,47.903225806451616,-0.5199999809265137
1974-09-01,-6.232788562774658,0.5686488747596741,1011.517578125,57.16666666666666,-0.6399999856948853
1974-10-01,-6.0334792137146,0.4620260298252105,1010.8094482421876,67.16129032258064,-0.9399999976158142
1974-11-01,-5.848156929016113,-0.1101445853710174,1009.7456665039062,35.9,-1.090000033378601
1974-12-01,-6.37851095199585,-0.3803704082965851,1009.1566162109376,29.61290322580645,-0.9700000286102295
1975-01-01,-5.857768535614014,-0.4084562659263611,1009.1002807617188,27.32258064516129,-0.44999998807907104
1975-02-01,-5.576910018920898,-0.5140971541404724,1010.6026611328124,16.678571428571427,-0.6800000071525574
1975-03-01,-4.905355930328369,-1.0076453685760498,1009.9063110351562,16.870967741935484,-1.090000033378601
1975-04-01,-4.630008220672607,-0.8278622031211853,1009.7415771484376,7.666666666666667,-0.9599999785423279
1975-05-01,-5.312499046325684,-0.6470891237258911,1010.639892578125,13.064516129032258,-1.1299999952316284
1975-06-01,-5.93163013458252,0.1903062313795089,1011.1157836914062,16.733333333333334,-1.5
1975-07-01,-6.003377437591553,0.7059647440910339,1011.7044677734376,40.38709677419355,-1.3899999856948853
1975-08-01,-6.544750213623047,0.8963241577148438,1011.8467407226562,56.74193548387097,-1.5199999809265137
1975-09-01,-6.486045837402344,1.111106276512146,1012.108642578125,20.33333333333333,-1.659999966621399
1975-10-01,-6.199393272399902,0.6688187122344971,1011.6321411132812,13.580645161290322,-1.8300000429153442
1975-11-01,-6.400623798370361,0.4319567680358886,1011.0496215820312,27.9,-1.659999966621399
1975-12-01,-6.964305400848389,0.1453039646148681,1010.5389404296876,11.580645161290322,-1.9299999475479126
1976-01-01,-6.200232028961182,-0.1378571391105651,1009.6055908203124,11.870967741935484,-2.009999990463257
1976-02-01,-6.396020889282227,-0.5325930118560791,1010.1148071289062,6.448275862068965,-1.2599999904632568
1976-03-01,-5.422840595245361,-0.499961793422699,1009.0723266601562,31.451612903225808,-0.8199999928474426
1976-04-01,-4.530296802520752,-0.8664746880531311,1010.3366088867188,27.33333333333333,-0.9300000071525574
1976-05-01,-4.041995525360107,-0.4547759294509887,1011.2197265625,18.225806451612904,-0.7400000095367432
1976-06-01,-4.539309024810791,-0.2010588645935058,1010.5875244140624,17.933333333333334,-0.3799999952316284
1976-07-01,-4.854339599609375,0.2066527158021927,1010.8804321289062,2.935483870967742,-0.1599999964237213
1976-08-01,-5.106151580810547,0.8746711611747742,1011.1217041015624,24.096774193548388,0.11999999731779099
1976-09-01,-4.192121982574463,0.9972172379493712,1011.1365966796876,19.966666666666665,0.30000001192092896
1976-10-01,-4.822621822357178,0.5826588869094849,1010.7551879882812,29.741935483870968,0.75
1976-11-01,-4.662932395935059,0.1065536439418792,1009.7427368164062,7.866666666666666,0.7099999785423279
1976-12-01,-4.726346015930176,-0.5460415482521057,1008.5720825195312,22.32258064516129,0.49000000953674316
1977-01-01,-5.128702163696289,-1.084250569343567,1009.0079345703124,23.806451612903224,0.7799999713897705
1977-02-01,-5.456396579742432,-1.411712884902954,1009.7032470703124,33.25,0.3700000047683716
1977-03-01,-3.783282518386841,-1.2656391859054563,1009.604248046875,13.0,0.1899999976158142
1977-04-01,-4.309046268463135,-1.2071571350097656,1010.0391845703124,18.966666666666665,-0.3799999952316284
1977-05-01,-4.286077976226807,-1.0496054887771606,1010.7714233398438,27.0,-0.20999999344348907
1977-06-01,-4.84227466583252,-0.8441826105117798,1010.4671630859376,54.9,0.009999999776482582
1977-07-01,-6.003049373626709,-0.0121521679684519,1009.5686645507812,30.61290322580645,0.09000000357627869
1977-08-01,-5.848167419433594,0.3901214003562927,1010.6400146484376,43.0,-0.009999999776482582
1977-09-01,-4.789846420288086,0.7804046869277954,1011.7024536132812,62.36666666666667,0.4000000059604645
1977-10-01,-5.254744529724121,0.8804498314857483,1010.9773559570312,62.064516129032256,0.6299999952316284
1977-11-01,-4.827839374542236,0.194868117570877,1010.201904296875,41.56666666666667,0.47999998927116394
1977-12-01,-4.898329734802246,-1.0578880310058594,1009.248779296875,61.38709677419355,0.699999988079071
1978-01-01,-6.149783134460449,-0.2356268763542175,1010.05908203125,73.6774193548387,0.6200000047683716
1978-02-01,-4.922175407409668,-1.6895155906677246,1009.8923950195312,132.57142857142858,0.25
1978-03-01,-5.117018222808838,-0.717922031879425,1010.5518798828124,108.35483870967742,-0.20000000298023224
1978-04-01,-4.347655773162842,-0.7109384536743164,1010.5030517578124,141.23333333333332,-0.699999988079071
1978-05-01,-5.029918670654297,-0.3873595595359802,1010.486083984375,117.06451612903226,-0.7400000095367432
1978-06-01,-5.509204864501953,-0.2324589341878891,1010.99755859375,134.63333333333333,-0.7099999785423279
1978-07-01,-5.651571273803711,0.9187818169593812,1010.7227783203124,99.6774193548387,-0.550000011920929
1978-08-01,-6.050514221191406,0.690514326095581,1011.1004638671876,82.41935483870968,-0.7900000214576721
1978-09-01,-5.777204990386963,0.7024998068809509,1011.3898315429688,195.66666666666663,-0.7099999785423279
1978-10-01,-4.808256149291992,0.4973747134208679,1011.071044921875,177.1290322580645,-0.46000000834465027
1978-11-01,-5.001677513122559,0.580852210521698,1010.2947387695312,138.53333333333333,-0.3799999952316284
1978-12-01,-5.506836891174316,0.0774301066994667,1010.09130859375,173.8709677419355,-0.05999999865889549
1979-01-01,-5.3961052894592285,-0.3310798406600952,1009.4136352539062,235.8709677419355,-0.12999999523162842
1979-02-01,-5.650270462036133,-0.1233181878924369,1009.9379272460938,194.7142857142857,-0.2199999988079071
1979-03-01,-5.119599342346191,-0.9946406483650208,1010.08837890625,195.29032258064515,-0.019999999552965164
1979-04-01,-4.003344535827637,-0.8033255338668823,1010.3193969726562,143.73333333333332,0.019999999552965164
1979-05-01,-4.246299743652344,-0.3835438191890716,1010.5264892578124,190.32258064516128,-0.25
1979-06-01,-5.363642692565918,0.1408584862947464,1010.9293823242188,211.7,-0.28999999165534973
1979-07-01,-4.258819103240967,0.283964455127716,1012.0951538085938,225.67741935483872,-0.4699999988079071
1979-08-01,-3.8307018280029297,0.7704314589500427,1011.4691162109376,201.3548387096774,-0.10000000149011612
1979-09-01,-4.693607807159424,0.6170870661735535,1010.896484375,266.9,0.2800000011920929
1979-10-01,-4.165891170501709,0.1801273822784423,1010.754638671875,263.61290322580646,0.10999999940395355
1979-11-01,-4.917608261108398,-0.0879287421703338,1009.61279296875,259.53333333333336,0.28999999165534973
1979-12-01,-4.642834663391113,-0.7714947462081909,1009.5549926757812,249.6129032258065,0.5199999809265137
1980-01-01,-4.792978763580322,-0.8045547008514404,1009.00439453125,226.06451612903223,0.5400000214576721
1980-02-01,-4.85543966293335,-1.242044448852539,1009.3297119140624,219.41379310344828,0.2199999988079071
1980-03-01,-3.2480783462524414,-1.2211014032363892,1008.2605590820312,178.67741935483872,0.029999999329447746
1980-04-01,-4.0420684814453125,-1.6146750450134275,1009.2711181640624,232.2333333333333,-0.07000000029802322
1980-05-01,-3.970686912536621,-1.0367298126220703,1010.083251953125,254.67741935483872,0.07999999821186066
1980-06-01,-5.074592113494873,-0.4454112946987152,1010.51904296875,222.66666666666663,0.20999999344348907
1980-07-01,-5.854243755340576,-0.0354609638452529,1010.7666015625,192.93548387096772,-0.05999999865889549
1980-08-01,-6.244425296783447,0.3837403059005737,1011.4967041015624,191.70967741935485,-0.3799999952316284
1980-09-01,-5.771709442138672,0.4099602103233337,1011.6524658203124,219.56666666666663,-0.2800000011920929
1980-10-01,-5.885976791381836,0.0598662681877613,1011.3657836914062,233.25806451612905,-0.25999999046325684
1980-11-01,-5.3831095695495605,-0.316582590341568,1010.6222534179688,209.53333333333333,-0.10000000149011612
1980-12-01,-5.78985071182251,-0.122560866177082,1009.60498046875,246.93548387096772,0.05000000074505806
1981-01-01,-6.2363104820251465,-0.8955408930778503,1010.1818237304688,156.6451612903226,-0.36000001430511475
1981-02-01,-5.083607196807861,-0.883682370185852,1008.9002075195312,189.89285714285717,-0.6399999856948853
1981-03-01,-5.505180358886719,-1.608281135559082,1010.6668090820312,196.6451612903226,-0.6399999856948853
1981-04-01,-4.077998638153076,-0.8745827674865723,1010.20654296875,225.33333333333331,-0.5299999713897705
1981-05-01,-5.353789329528809,-0.6802537441253662,1010.792236328125,194.67741935483872,-0.5699999928474426
1981-06-01,-5.349675178527832,-0.4576302766799927,1011.1907958984376,131.6,-0.46000000834465027
1981-07-01,-6.401899814605713,-0.101482443511486,1011.0474243164062,205.32258064516128,-0.6399999856948853
1981-08-01,-4.946966171264648,0.228993535041809,1012.0195922851562,242.4516129032258,-0.5299999713897705
1981-09-01,-6.413978576660156,0.670185387134552,1011.2965087890624,245.26666666666668,-0.1899999976158142
1981-10-01,-5.074133396148682,0.3556511998176574,1011.0103149414062,216.16129032258064,-0.30000001192092896
1981-11-01,-5.403369903564453,0.2488967180252075,1010.5576171875,186.03333333333333,-0.4099999964237213
1981-12-01,-5.765970230102539,-0.0886805430054664,1010.1265869140624,195.38709677419357,-0.20000000298023224
1982-01-01,-5.877208709716797,-0.398152083158493,1010.3447265625,149.7741935483871,0.12999999523162842
1982-02-01,-5.016587257385254,-0.8001890182495117,1009.8270263671876,230.92857142857144,-0.17000000178813934
1982-03-01,-4.596397876739502,-0.7939894199371338,1009.3596801757812,221.06451612903223,0.12999999523162842
1982-04-01,-3.6113603115081774,-0.5489763617515564,1010.5444946289062,170.26666666666668,0.20999999344348907
1982-05-01,-4.015638828277588,-0.569162905216217,1010.3150024414062,119.29032258064515,0.44999998807907104
1982-06-01,-4.767683982849121,-0.3381668925285339,1010.0624389648438,163.73333333333332,0.5299999713897705
1982-07-01,-4.918760299682617,0.1455006301403045,1010.2235717773438,139.38709677419354,0.3700000047683716
1982-08-01,-4.983328819274902,0.1149752289056778,1010.501708984375,161.93548387096774,0.7300000190734863
1982-09-01,-3.897042989730835,0.0411253049969673,1011.2467041015624,167.36666666666667,1.4900000095367432
1982-10-01,-3.341961622238159,-0.3333134949207306,1010.24853515625,134.32258064516128,1.9900000095367432
1982-11-01,-3.132871389389038,-1.1637033224105835,1008.5243530273438,127.46666666666668,1.9199999570846558
1982-12-01,-2.643301248550415,-1.526714563369751,1009.0977783203124,168.96774193548387,2.200000047683716
1983-01-01,-2.937307357788086,-2.8245978355407715,1008.70947265625,115.48387096774194,2.3499999046325684
1983-02-01,-3.062981128692627,-3.326444387435913,1009.600830078125,73.07142857142857,1.940000057220459
1983-03-01,-2.084781646728516,-3.5380876064300537,1010.2388916015624,88.6774193548387,1.3799999952316284
1983-04-01,-1.6606111526489258,-2.460912704467773,1010.0444946289062,109.56666666666666,0.949999988079071
1983-05-01,-2.1701459884643555,-1.4293133020401,1010.2598266601562,132.51612903225808,0.8999999761581421
1983-06-01,-3.641814231872559,-0.493436723947525,1010.7789306640624,131.46666666666667,0.5400000214576721
1983-07-01,-4.379678726196289,-0.0203302223235368,1010.587646484375,108.90322580645162,-0.10999999940395355
1983-08-01,-4.551595687866211,0.0568984858691692,1011.9931030273438,96.0,-0.27000001072883606
1983-09-01,-4.764582633972168,0.1904236674308776,1011.61474609375,69.93333333333334,-0.5199999809265137
1983-10-01,-4.8124871253967285,-0.1670646071434021,1011.2259521484376,72.51612903225806,-1.159999966621399
1983-11-01,-5.039201259613037,-0.8262368440628052,1011.4385986328124,45.66666666666666,-1.2899999618530273
1983-12-01,-5.808572292327881,-0.8614332675933838,1011.0590209960938,45.64516129032258,-1.0299999713897705
1984-01-01,-5.754972457885742,-0.7725852131843567,1010.4942626953124,74.83870967741936,-0.6700000166893005
1984-02-01,-5.198005199432373,-1.0226027965545654,1009.70068359375,110.17241379310344,-0.1899999976158142
1984-03-01,-3.8156485557556152,-1.7785392999649048,1010.7523193359376,116.74193548387096,-0.5199999809265137
1984-04-01,-4.466443061828613,-1.5899956226348877,1010.8148193359376,90.4,-0.6800000071525574
1984-05-01,-4.558812141418457,-1.1941735744476318,1010.5665283203124,96.87096774193547,-0.7300000190734863
1984-06-01,-5.137724876403809,-1.013557195663452,1010.8975219726562,65.1,-0.8999999761581421
1984-07-01,-5.903976440429688,-0.6050924062728882,1010.8746948242188,55.67741935483871,-0.5
1984-08-01,-5.18743371963501,0.3911288976669311,1011.2684326171876,34.96774193548387,-0.23999999463558197
1984-09-01,-5.001969814300537,0.5665695071220398,1011.5263671875,22.6,-0.3400000035762787
1984-10-01,-5.396702289581299,0.2600229978561401,1011.4527587890624,12.612903225806452,-0.6700000166893005
1984-11-01,-5.610043048858643,-0.1580175161361694,1011.1986694335938,26.466666666666665,-1.190000057220459
1984-12-01,-5.938056468963623,-0.6816515922546387,1008.5389404296876,21.387096774193548,-1.340000033378601
1985-01-01,-5.64434814453125,-0.8070648312568665,1010.8250732421876,17.838709677419356,-1.159999966621399
1985-02-01,-6.526069164276123,-0.1729849129915237,1008.9742431640624,20.714285714285715,-0.7200000286102295
1985-03-01,-5.213168621063232,-0.6291260719299316,1009.0574340820312,16.870967741935484,-0.7900000214576721
1985-04-01,-4.350718975067139,-0.7685098052024841,1009.6864013671876,20.366666666666667,-1.1799999475479126
1985-05-01,-5.1916351318359375,-0.7678204774856567,1009.8590698242188,32.41935483870968,-1.0299999713897705
1985-06-01,-4.941398143768311,0.0266456380486488,1010.6135864257812,28.3,-0.9100000262260437
1985-07-01,-5.001058578491211,0.3012272119522095,1011.423828125,39.935483870967744,-0.7400000095367432
1985-08-01,-5.478001117706299,0.4561488628387451,1011.5399780273438,10.129032258064516,-0.5600000023841858
1985-09-01,-5.30418586730957,0.8182618021965027,1011.3903198242188,4.333333333333333,-0.699999988079071
1985-10-01,-3.978806495666504,0.8053008913993835,1011.3221435546876,21.967741935483872,-0.49000000953674316
1985-11-01,-5.308744430541992,0.0574712343513965,1010.2646484375,17.866666666666667,-0.3700000047683716
1985-12-01,-5.862529754638672,-0.302911102771759,1010.6083984375,15.838709677419354,-0.4099999964237213
1986-01-01,-6.551107406616211,-0.0825422927737236,1009.5126953125,2.774193548387097,-0.6600000262260437
1986-02-01,-5.493630886077881,-1.0107265710830688,1010.5444946289062,27.892857142857142,-0.7099999785423279
1986-03-01,-5.366404056549072,-0.7304655313491821,1010.1630249023438,13.838709677419354,-0.41999998688697815
1986-04-01,-4.580452919006348,-0.6683383584022522,1009.5111694335938,22.4,-0.33000001311302185
1986-05-01,-4.116901397705078,-0.4880537986755371,1010.639404296875,16.129032258064516,-0.5299999713897705
1986-06-01,-5.782312393188477,0.3091760575771332,1010.11376953125,0.5666666666666667,-0.3100000023841858
1986-07-01,-5.15761137008667,0.6338632702827454,1011.2190551757812,18.096774193548388,-0.10999999940395355
1986-08-01,-4.532560348510742,0.4604868590831756,1010.626220703125,9.903225806451612,0.3199999928474426
1986-09-01,-4.95111894607544,0.8657474517822266,1010.9456176757812,5.066666666666666,0.5299999713897705
1986-10-01,-4.927936553955078,0.6844100952148438,1012.08447265625,40.12903225806452,0.8100000023841858
1986-11-01,-4.370157241821289,0.000766294368077,1009.1888427734376,15.366666666666667,1.0099999904632568
1986-12-01,-5.6035003662109375,-0.5509142279624939,1009.5562744140624,5.774193548387097,1.1200000047683716
1987-01-01,-5.279850959777832,-1.108932614326477,1009.5509643554688,9.806451612903226,1.1399999856948853
1987-02-01,-4.5520734786987305,-1.1541924476623535,1009.1024780273438,3.392857142857143,1.1299999952316284
1987-03-01,-3.861992359161377,-1.185368895530701,1010.3070068359376,17.387096774193548,0.9800000190734863
1987-04-01,-3.084204912185669,-1.63618266582489,1010.0194091796876,46.0,0.5799999833106995
1987-05-01,-2.999605417251587,-1.2621338367462158,1010.1824951171876,39.12903225806452,0.6200000047683716
1987-06-01,-4.411150932312012,-0.6913445591926575,1010.24755859375,18.766666666666666,0.9200000166893005
1987-07-01,-3.989961862564087,0.1520106196403503,1010.4963989257812,38.16129032258065,1.2899999618530273
1987-08-01,-5.067829608917236,0.0466493889689445,1010.1797485351562,47.935483870967744,1.5700000524520874
1987-09-01,-4.890068054199219,0.5127981901168823,1011.3002319335938,42.2,1.649999976158142
1987-10-01,-4.421998500823975,0.2947849035263061,1010.76904296875,63.38709677419355,1.2400000095367432
1987-11-01,-4.7653632164001465,-0.0115446727722883,1009.9892578125,48.833333333333336,1.0700000524520874
1987-12-01,-5.4612579345703125,-0.5547511577606201,1009.0746459960938,29.096774193548388,0.9399999976158142
1988-01-01,-5.761251926422119,-0.5475746989250183,1009.6578369140624,70.48387096774194,0.8999999761581421
1988-02-01,-4.982251167297363,-1.154159426689148,1009.2567749023438,45.44827586206897,0.2800000011920929
1988-03-01,-5.217733860015869,-1.388514518737793,1009.74755859375,91.19354838709675,0.10000000149011612
1988-04-01,-4.099586009979248,-1.052744746208191,1010.7762451171876,108.76666666666668,-0.4399999976158142
1988-05-01,-5.024984359741211,-0.4811137318611145,1010.9906005859376,74.16129032258064,-1.25
1988-06-01,-5.398886680603027,-0.5801478624343872,1012.0880737304688,124.26666666666668,-1.7400000095367432
1988-07-01,-6.567525386810303,0.3297248780727386,1011.9154052734376,131.38709677419354,-1.7400000095367432
1988-08-01,-5.515706539154053,0.9455772638320924,1012.5048828125,139.4193548387097,-1.190000057220459
1988-09-01,-6.638639450073242,0.5038871169090271,1011.8765869140624,142.73333333333332,-1.0
1988-10-01,-5.96771240234375,0.4461734294891357,1011.4786376953124,156.4516129032258,-1.899999976158142
1988-11-01,-5.843042373657227,0.8060173392295837,1012.1132202148438,156.76666666666668,-2.049999952316284
1988-12-01,-6.25540828704834,0.1423455029726028,1011.3358154296876,231.1935483870968,-1.9600000381469727
1989-01-01,-6.103970050811768,0.0308861602097749,1010.3441772460938,210.0967741935484,-1.9700000286102295
1989-02-01,-5.24064826965332,-0.2998388111591339,1010.7972412109376,208.67857142857144,-1.4700000286102295
1989-03-01,-4.949073314666748,-0.9853259325027466,1011.07666015625,170.3548387096774,-1.2100000381469727
1989-04-01,-5.06641149520874,-0.6857955455780029,1009.572021484375,166.26666666666668,-1.0800000429153442
1989-05-01,-5.28394889831543,-0.0158080961555242,1010.7438354492188,195.4193548387097,-0.8799999952316284
1989-06-01,-4.9107346534729,0.2655791938304901,1011.7256469726562,284.53333333333336,-0.5899999737739563
1989-07-01,-5.652065277099609,0.7715743780136108,1011.7130737304688,180.51612903225808,-0.5699999928474426
1989-08-01,-5.508584976196289,0.6522565484046936,1011.8179931640624,231.96774193548387,-0.5299999713897705
1989-09-01,-5.0204901695251465,1.0004647970199585,1011.4735717773438,225.06666666666663,-0.30000001192092896
1989-10-01,-5.782326698303223,0.6364991664886475,1011.3163452148438,212.16129032258064,-0.4000000059604645
1989-11-01,-5.83908748626709,0.2973664999008178,1010.4417114257812,238.16666666666663,-0.44999998807907104
1989-12-01,-5.731165885925293,-0.0819002389907836,1011.013916015625,211.4193548387097,-0.12999999523162842
1990-01-01,-5.9431471824646,0.0295129008591175,1008.4451904296876,227.4193548387097,0.009999999776482582
1990-02-01,-5.550215721130371,-1.0578047037124634,1010.277587890625,171.82142857142858,0.20999999344348907
1990-03-01,-4.878520965576172,-0.8438080549240112,1009.8803100585938,191.67741935483872,0.03999999910593033
1990-04-01,-4.654562950134277,-0.4823763966560364,1009.7568359375,189.7,0.07999999821186066
1990-05-01,-4.842609882354736,-0.2275654077529907,1010.0869140625,175.19354838709677,0.07999999821186066
1990-06-01,-4.770268440246582,0.3023633062839508,1010.6212158203124,153.33333333333334,-0.07999999821186066
1990-07-01,-5.20329475402832,0.601992130279541,1011.1611328125,191.1290322580645,0.09000000357627869
1990-08-01,-5.72423791885376,0.9504773616790771,1011.2210693359376,252.0967741935484,0.2199999988079071
1990-09-01,-5.178976058959961,1.352172613143921,1011.3157958984376,169.1,0.2199999988079071
1990-10-01,-5.066201210021973,0.6781920194625854,1011.3914184570312,199.3548387096774,0.20999999344348907
1990-11-01,-5.787871837615967,0.3712331056594848,1009.8453369140624,178.83333333333334,0.10000000149011612
1990-12-01,-5.127261161804199,0.1774176806211471,1009.861328125,197.0967741935484,0.3499999940395355
1991-01-01,-6.010787487030029,0.0226128585636615,1009.959228515625,195.32258064516128,0.49000000953674316
1991-02-01,-5.572072982788086,-0.5697300434112549,1009.3368530273438,240.25,0.3199999928474426
1991-03-01,-4.424572944641113,-0.4614855051040649,1010.0496826171876,196.96774193548387,0.029999999329447746
1991-04-01,-4.565157413482666,-0.7459699511528015,1009.6515502929688,197.56666666666663,0.1899999976158142
1991-05-01,-4.215015411376953,-0.4121337532997131,1010.633056640625,166.90322580645162,0.25999999046325684
1991-06-01,-4.28497314453125,0.2781157791614532,1010.7859497070312,224.7333333333333,0.5199999809265137
1991-07-01,-5.120904922485352,0.4433377981185913,1010.8507690429688,240.16129032258064,0.7599999904632568
1991-08-01,-5.487002849578857,0.620649516582489,1011.0552978515624,240.7741935483871,0.6800000071525574
1991-09-01,-4.3206048011779785,0.7082870602607727,1010.9945068359376,168.9,0.41999998688697815
1991-10-01,-4.440455913543701,0.4152119159698486,1010.0908203125,197.1290322580645,0.8600000143051147
1991-11-01,-4.32123327255249,-0.0757161304354667,1009.7268676757812,159.53333333333333,1.2000000476837158
1991-12-01,-4.408514499664307,-0.96449613571167,1008.6001586914062,212.6129032258065,1.690000057220459
1992-01-01,-3.6261239051818848,-1.4040169715881348,1009.329345703125,198.25806451612905,1.840000033378601
1992-02-01,-4.311896800994873,-1.7516340017318726,1009.6767578125,230.68965517241375,1.7799999713897705
1992-03-01,-3.289943218231201,-1.7220324277877808,1009.6417236328124,150.96774193548387,1.3799999952316284
1992-04-01,-3.321538209915161,-1.349608063697815,1009.5418701171876,142.23333333333332,1.2000000476837158
1992-05-01,-3.857946395874024,-0.5560446977615356,1009.6273803710938,94.29032258064515,1.0399999618530273
1992-06-01,-4.722550868988037,-0.2244875282049179,1009.4865112304688,98.53333333333332,0.5799999833106995
1992-07-01,-4.900547981262207,0.385912537574768,1010.605712890625,114.2258064516129,0.2199999988079071
1992-08-01,-5.454591751098633,0.6426987648010254,1011.5632934570312,91.90322580645162,0.05000000074505806
1992-09-01,-4.581058979034424,0.8483189344406128,1010.7406005859376,93.96666666666668,-0.05999999865889549
1992-10-01,-5.517644882202148,0.2246925383806228,1010.3125,133.3548387096774,-0.30000001192092896
1992-11-01,-3.7249093055725098,-0.0318018645048141,1010.3685302734376,129.56666666666666,-0.2800000011920929
1992-12-01,-5.219193458557129,-0.3113010823726654,1009.1688842773438,121.96774193548389,-0.15000000596046448
1993-01-01,-4.714637279510498,-0.6290369033813477,1009.9547119140624,81.38709677419355,0.14000000059604645
1993-02-01,-4.280226230621338,-1.3188047409057615,1010.1554565429688,127.78571428571428,0.4099999964237213
1993-03-01,-4.316311836242676,-1.0901460647583008,1010.501220703125,102.41935483870968,0.38999998569488525
1993-04-01,-3.705636739730835,-1.5977635383605957,1009.8834228515624,94.43333333333334,0.5899999737739563
1993-05-01,-4.016572952270508,-0.9387052059173584,1010.7108764648438,78.7741935483871,0.7799999713897705
1993-06-01,-4.089585781097412,-0.3599699139595032,1010.4017333984376,69.63333333333334,0.3499999940395355
1993-07-01,-5.220118522644043,-0.0404471270740032,1010.427734375,80.41935483870968,0.23000000417232513
1993-08-01,-4.14165735244751,0.7449967861175537,1011.8494873046876,62.54838709677419,0.12999999523162842
1993-09-01,-4.176636695861816,0.7484742403030396,1011.7242431640624,31.166666666666668,0.3499999940395355
1993-10-01,-4.033015727996826,0.4083270728588104,1011.1370239257812,71.06451612903226,0.05999999865889549
1993-11-01,-4.641664981842041,-0.0072588147595524,1010.4859619140624,48.16666666666666,0.0
1993-12-01,-5.33759880065918,-0.2301245182752609,1009.6701049804688,68.38709677419355,0.1599999964237213
1994-01-01,-5.54828691482544,-0.5861644744873047,1009.939208984375,84.87096774193549,0.10000000149011612
1994-02-01,-5.543797492980957,-0.7408692836761475,1009.5670166015624,54.85714285714285,0.05999999865889549
1994-03-01,-4.422023296356201,-0.8764685988426208,1010.4232177734376,47.45161290322581,0.10999999940395355
1994-04-01,-4.404963493347168,-1.1519094705581665,1010.064208984375,27.366666666666667,0.25999999046325684
1994-05-01,-4.251636028289795,-0.3205916285514831,1010.4525146484376,29.806451612903224,0.3100000023841858
1994-06-01,-5.253077983856201,0.0491030104458332,1010.39501953125,39.7,0.3199999928474426
1994-07-01,-5.267254829406738,0.0371103957295417,1010.2271728515624,50.58064516129032,0.23999999463558197
1994-08-01,-5.403481960296631,0.6170184016227722,1011.1801147460938,34.32258064516129,0.5299999713897705
1994-09-01,-4.428884029388428,0.8710744976997375,1011.6053466796876,40.46666666666667,0.47999998927116394
1994-10-01,-3.806769609451294,1.007380723953247,1011.1565551757812,67.12903225806451,0.75
1994-11-01,-4.281487941741943,0.3070966899394989,1010.713623046875,29.466666666666665,1.1100000143051147
1994-12-01,-5.62879753112793,-0.5254179239273071,1009.4588623046876,32.193548387096776,1.25
1995-01-01,-5.956956386566162,-1.1610676050186155,1009.7752075195312,32.61290322580645,1.0199999809265137
1995-02-01,-4.713944435119629,-1.0114339590072632,1010.2114868164062,45.82142857142857,0.7300000190734863
1995-03-01,-5.19550085067749,-0.8529139757156372,1009.8988647460938,46.32258064516129,0.46000000834465027
1995-04-01,-4.466592311859131,-0.7950907349586487,1009.437744140625,21.6,0.2800000011920929
1995-05-01,-4.759230613708496,-0.6918202042579651,1010.953857421875,19.387096774193548,-0.10999999940395355
1995-06-01,-4.789477825164795,0.0740521773695945,1011.2776489257812,22.5,-0.14000000059604645
1995-07-01,-5.5234880447387695,0.5411781072616577,1011.0159912109376,20.387096774193548,-0.20999999344348907
1995-08-01,-5.96788215637207,0.8778969645500183,1011.3128662109376,18.225806451612904,-0.6299999952316284
1995-09-01,-5.63873815536499,1.1242586374282837,1012.1484375,15.7,-0.8399999737739563
1995-10-01,-5.206977844238281,0.8485236763954163,1011.3948364257812,30.61290322580645,-0.8799999952316284
1995-11-01,-5.631709575653076,0.1049602404236793,1011.139892578125,13.966666666666669,-1.100000023841858
1995-12-01,-5.74087381362915,-0.7820845246315002,1011.5036010742188,14.903225806451612,-0.949999988079071
1996-01-01,-6.224370002746582,-0.3174516558647156,1010.2448120117188,13.32258064516129,-0.8600000143051147
1996-02-01,-6.04640531539917,-0.6119460463523865,1009.7099609375,7.689655172413793,-0.8600000143051147
1996-03-01,-5.125263690948486,-0.9174764156341552,1010.2294921875,12.612903225806452,-0.6100000143051147
1996-04-01,-4.4458746910095215,-1.2487128973007202,1010.2294921875,6.766666666666667,-0.4699999988079071
1996-05-01,-5.040431499481201,-0.3260352611541748,1011.5943603515624,7.612903225806452,-0.3799999952316284
1996-06-01,-5.189338207244873,0.2034047096967697,1011.5530395507812,16.5,-0.4399999976158142
1996-07-01,-5.960124492645264,0.5130674242973328,1011.190673828125,11.806451612903226,-0.4399999976158142
1996-08-01,-5.136296272277832,0.903838574886322,1011.8096923828124,19.677419354838708,-0.2199999988079071
1996-09-01,-5.417109489440918,0.6312267780303955,1010.8186645507812,3.033333333333333,-0.44999998807907104
1996-10-01,-5.374302387237549,0.7645143866539001,1010.8717041015624,0.6774193548387096,-0.4399999976158142
1996-11-01,-5.132744312286377,0.2110934853553772,1010.105224609375,24.933333333333334,-0.4099999964237213
1996-12-01,-6.374295711517334,-0.2607020139694214,1009.118408203125,14.0,-0.6399999856948853
1997-01-01,-6.107088088989258,-0.9365113973617554,1010.71337890625,7.419354838709677,-0.5299999713897705
1997-02-01,-6.1555256843566895,-0.918675184249878,1009.1905517578124,11.0,-0.3700000047683716
1997-03-01,-4.757091999053955,-1.4410338401794434,1010.2420654296876,12.096774193548388,-0.25
1997-04-01,-4.242642879486084,-0.8108237981796265,1010.8092041015624,23.0,0.1599999964237213
1997-05-01,-4.134932041168213,-0.7992181181907654,1010.0081176757812,25.387096774193548,0.6399999856948853
1997-06-01,-2.869805097579956,-0.4181634187698364,1010.9290161132812,20.766666666666666,1.090000033378601
1997-07-01,-4.589297771453857,0.1332277059555053,1010.325439453125,12.870967741935484,1.559999942779541
1997-08-01,-3.025949239730835,0.6175654530525208,1011.2578125,35.70967741935484,1.8899999856948853
1997-09-01,-2.4433794021606445,1.0336177349090576,1011.4844360351562,59.73333333333333,2.130000114440918
1997-10-01,-1.7726097106933594,0.027064723894,1010.7689819335938,32.806451612903224,2.359999895095825
1997-11-01,-1.7442173957824707,-0.6106365919113159,1010.9044799804688,50.43333333333333,2.4100000858306885
1997-12-01,-3.628014087677002,-1.7425144910812378,1009.3892822265624,55.516129032258064,2.2899999618530273
1998-01-01,-3.1640257835388184,-2.911501169204712,1009.4102783203124,44.516129032258064,2.380000114440918
1998-02-01,-2.984171867370605,-3.7747089862823486,1011.1478881835938,50.21428571428572,2.0299999713897705
1998-03-01,-2.2670891284942627,-3.4227418899536133,1010.61572265625,82.0,1.340000033378601
1998-04-01,-2.050011157989502,-3.259360074996948,1011.4141845703124,70.56666666666666,0.7799999713897705
1998-05-01,-3.924618721008301,-1.6241613626480105,1011.277099609375,74.0,0.5699999928474426
1998-06-01,-4.506986141204834,-0.8977286219596863,1011.7880859375,90.53333333333332,-0.38999998569488525
1998-07-01,-4.669497489929199,-0.312778502702713,1012.52587890625,96.6774193548387,-0.9900000095367432
1998-08-01,-4.567095279693604,-0.0874331146478653,1012.6947631835938,121.06451612903226,-1.2799999713897705
1998-09-01,-4.385182857513428,0.3512588739395141,1012.6617431640624,132.03333333333333,-1.2599999904632568
1998-10-01,-4.964858055114746,-0.1813223659992218,1012.101806640625,78.48387096774194,-1.4600000381469727
1998-11-01,-5.555154323577881,-0.5086110830307007,1011.3507690429688,97.33333333333331,-1.4600000381469727
1998-12-01,-6.183801651000977,-1.0268677473068235,1011.1603393554688,119.19354838709675,-1.690000057220459
1999-01-01,-6.187663555145264,-1.0855714082717896,1010.8795166015624,86.0,-1.690000057220459
1999-02-01,-5.23346757888794,-1.8499510288238523,1011.4560546875,98.0,-1.3200000524520874
1999-03-01,-4.703350067138672,-1.9791752099990845,1010.22021484375,103.5483870967742,-0.949999988079071
1999-04-01,-4.594690322875977,-1.5299508571624756,1011.3080444335938,93.56666666666666,-1.1100000143051147
1999-05-01,-5.047939777374268,-0.8330059051513672,1011.58447265625,149.61290322580646,-1.149999976158142
1999-06-01,-4.696341037750244,-0.2189695686101913,1012.30224609375,207.2,-1.190000057220459
1999-07-01,-6.313939094543457,0.3743582367897033,1011.9330444335938,173.51612903225808,-1.1699999570846558
1999-08-01,-5.343721389770508,1.1715840101242063,1012.8051147460938,142.32258064516128,-1.2200000286102295
1999-09-01,-4.362725257873535,0.8165956139564514,1012.6134643554688,106.3,-1.090000033378601
1999-10-01,-5.487438201904297,0.796563982963562,1012.0441284179688,168.74193548387098,-1.2300000190734863
1999-11-01,-5.956448078155518,0.2639637887477875,1011.4912109375,188.26666666666668,-1.5800000429153442
1999-12-01,-6.120545387268066,0.1846286952495575,1011.3956909179688,116.7741935483871,-1.7400000095367432
2000-01-01,-6.399826049804688,-0.1919367611408233,1010.9853515625,133.09677419354838,-1.7699999809265137
2000-02-01,-5.864152431488037,-1.027427077293396,1011.862060546875,165.6551724137931,-1.5499999523162842
2000-03-01,-4.213703155517578,-1.8720446825027464,1011.2139282226562,217.74193548387095,-0.9800000190734863
2000-04-01,-4.487985610961914,-1.5867794752120972,1010.8013305664062,191.5,-0.8700000047683716
2000-05-01,-4.506170749664307,-0.5632026791572571,1011.3587646484376,165.90322580645162,-0.8600000143051147
2000-06-01,-5.254607677459717,-0.1203728094696998,1011.310791015625,188.03333333333333,-0.7900000214576721
2000-07-01,-5.133502960205078,0.5671908259391785,1011.1739501953124,244.32258064516128,-0.6700000166893005
2000-08-01,-6.207456588745117,1.3254460096359253,1010.942626953125,180.4516129032258,-0.49000000953674316
2000-09-01,-4.580477714538574,1.6736019849777222,1012.1660766601562,156.03333333333333,-0.5199999809265137
2000-10-01,-5.639801502227783,1.0260356664657593,1010.915283203125,141.5806451612903,-0.699999988079071
2000-11-01,-5.386509418487549,0.712827205657959,1010.5465698242188,158.1,-0.7900000214576721
2000-12-01,-5.581528663635254,-0.2829876244068146,1010.1253051757812,143.29032258064515,-0.9200000166893005
2001-01-01,-5.899249076843262,-0.5333808064460754,1010.9428100585938,142.61290322580646,-0.7300000190734863
2001-02-01,-6.070688724517822,-0.7193011045455933,1008.5192260742188,121.46428571428572,-0.6299999952316284
2001-03-01,-4.521420955657959,-1.5726804733276367,1010.715576171875,165.80645161290323,-0.47999998927116394
2001-04-01,-4.46054744720459,-1.051014423370361,1010.0284423828124,161.7,-0.49000000953674316
2001-05-01,-4.5243916511535645,-0.6935189962387085,1010.8666381835938,142.09677419354838,-0.3400000035762787
2001-06-01,-5.211782455444336,-0.3285792171955108,1010.245849609375,202.9333333333333,-0.1899999976158142
2001-07-01,-5.3267998695373535,0.7454150915145874,1011.1635131835938,122.96774193548389,-0.03999999910593033
2001-08-01,-5.540935039520264,0.924579381942749,1011.1505737304688,161.51612903225808,-0.05000000074505806
2001-09-01,-4.775655269622803,1.5227925777435305,1011.5626220703124,238.16666666666663,-0.20000000298023224
2001-10-01,-4.647454738616943,0.9384413361549376,1010.8635864257812,194.06451612903223,-0.14000000059604645
2001-11-01,-5.683341503143311,0.6823574304580688,1010.6834716796876,176.56666666666666,-0.3700000047683716
2001-12-01,-5.680299758911133,-0.1767938286066055,1009.3341064453124,213.4193548387097,-0.4099999964237213
2002-01-01,-5.439884662628174,-0.0473068244755268,1010.365966796875,184.6451612903226,-0.15000000596046448
2002-02-01,-5.387936592102051,-0.6687359809875488,1010.400390625,170.17857142857142,-0.03999999910593033
2002-03-01,-5.466353893280029,-0.7100470662117004,1009.6973876953124,147.09677419354838,0.009999999776482582
2002-04-01,-4.612207412719727,-0.7089725136756897,1009.712646484375,186.9333333333333,0.019999999552965164
2002-05-01,-3.984219551086426,-0.1978503614664077,1009.9403076171876,187.48387096774192,0.3100000023841858
2002-06-01,-5.099077701568604,0.1686212569475174,1010.1381225585938,128.76666666666668,0.7200000286102295
2002-07-01,-4.3033647537231445,0.987821102142334,1011.1990356445312,161.0,0.7400000095367432
2002-08-01,-5.183097839355469,1.213639736175537,1010.3946533203124,175.61290322580646,0.8700000047683716
2002-09-01,-4.084249019622803,1.228919506072998,1011.1705322265624,187.86666666666667,1.090000033378601
2002-10-01,-4.3354172706604,0.858192503452301,1010.0257568359376,151.19354838709677,1.25
2002-11-01,-5.388122081756592,0.1556879132986068,1009.6029663085938,147.16666666666666,1.4700000286102295
2002-12-01,-5.023223400115967,-0.3099796175956726,1010.1116333007812,135.32258064516128,1.3700000047683716
2003-01-01,-5.5415215492248535,-0.5505664348602295,1009.4931640625,133.4516129032258,0.6000000238418579
2003-02-01,-5.037245750427246,-1.119184970855713,1009.0460815429688,75.67857142857143,0.6399999856948853
2003-03-01,-4.680876731872559,-1.0829932689666748,1009.8707885742188,100.70967741935485,0.36000001430511475
2003-04-01,-4.736356735229492,-0.6430107355117798,1010.2832641601562,97.86666666666666,-0.14000000059604645
2003-05-01,-4.642514228820801,-0.5927414894104004,1010.1728515625,86.83870967741936,-0.6100000143051147
2003-06-01,-3.810378789901733,-0.1507345139980316,1011.3244018554688,118.7,-0.28999999165534973
2003-07-01,-5.3127288818359375,0.7624016404151917,1010.9103393554688,128.32258064516128,0.20999999344348907
2003-08-01,-4.5364861488342285,1.083728909492493,1011.491943359375,115.38709677419357,0.25999999046325684
2003-09-01,-4.440454483032227,1.053285002708435,1011.4561767578124,78.46666666666667,0.27000001072883606
2003-10-01,-4.541733264923096,0.9061715006828308,1011.0380859375,97.83870967741936,0.41999998688697815
2003-11-01,-4.592794418334961,0.2446817308664322,1010.4260864257812,82.9,0.33000001311302185
2003-12-01,-6.134108066558838,-0.0639699324965477,1009.392333984375,72.2258064516129,0.4300000071525574
2004-01-01,-5.223945617675781,-1.3257886171340942,1009.7427368164062,60.61290322580645,0.27000001072883606
2004-02-01,-5.737058162689209,-0.6120239496231079,1009.8419189453124,74.62068965517241,0.23000000417232513
2004-03-01,-4.995487689971924,-1.0825998783111572,1009.0763549804688,74.7741935483871,0.11999999731779099
2004-04-01,-4.694683074951172,-1.4396231174468994,1010.2210693359376,59.23333333333333,0.07000000029802322
2004-05-01,-4.965686798095703,-0.444412350654602,1010.3247680664062,72.80645161290323,0.05999999865889549
2004-06-01,-5.632213115692139,-0.1695880144834518,1010.5411987304688,66.5,0.12999999523162842
2004-07-01,-4.3920063972473145,0.4405555129051208,1010.9367065429688,83.83870967741936,0.49000000953674316
2004-08-01,-5.41090726852417,1.1780266761779783,1010.9728393554688,69.74193548387096,0.7599999904632568
2004-09-01,-4.954124927520752,1.2974307537078855,1011.3275756835938,48.766666666666666,0.8100000023841858
2004-10-01,-4.950662136077881,0.8548901677131653,1011.0487060546876,74.16129032258064,0.7300000190734863
2004-11-01,-4.793140888214111,0.2020498216152191,1010.4404907226562,70.1,0.6600000262260437
2004-12-01,-5.010950088500977,-0.4072421491146087,1009.5010986328124,28.93548387096774,0.7400000095367432
2005-01-01,-6.064357757568359,-0.4365170001983642,1009.3241577148438,48.064516129032256,0.6600000262260437
2005-02-01,-5.420790672302246,-1.5472021102905271,1008.5206298828124,43.535714285714285,0.36000001430511475
2005-03-01,-4.752176284790039,-1.0987874269485474,1011.1748657226562,39.64516129032258,0.44999998807907104
2005-04-01,-5.048607349395752,-0.6656675934791565,1010.070556640625,38.73333333333333,0.25999999046325684
2005-05-01,-4.582338333129883,-0.8823385834693909,1010.2305908203124,61.935483870967744,0.30000001192092896
2005-06-01,-4.725439071655273,-0.2075784355401992,1010.8248291015624,56.766666666666666,0.03999999910593033
2005-07-01,-5.871170997619629,0.6968842148780823,1010.9111328125,62.38709677419355,-0.23000000417232513
2005-08-01,-4.857410430908203,1.1014310121536257,1011.5958862304688,60.483870967741936,-0.05000000074505806
2005-09-01,-5.303305149078369,1.23302161693573,1011.3673095703124,37.2,-0.03999999910593033
2005-10-01,-5.46617603302002,1.1215201616287231,1011.5641479492188,13.161290322580646,-0.05999999865889549
2005-11-01,-5.539425849914551,0.4505928158760071,1010.7904052734376,27.5,-0.5899999737739563
2005-12-01,-6.198891639709473,0.0105340024456381,1010.745361328125,59.25806451612903,-0.9200000166893005
2006-01-01,-6.203075408935547,-0.7490052580833435,1010.0418701171876,20.90322580645161,-0.9100000262260437
2006-02-01,-5.340242385864258,-1.2162525653839111,1010.2010498046876,5.714285714285714,-0.6700000166893005
2006-03-01,-5.039195537567139,-0.928375482559204,1010.1844482421876,17.29032258064516,-0.7099999785423279
2006-04-01,-4.803934097290039,-1.12797212600708,1010.2003784179688,50.266666666666666,-0.3199999928474426
2006-05-01,-4.120519638061523,-0.385957807302475,1011.1929931640624,37.2258064516129,-0.09000000357627869
2006-06-01,-5.533737182617188,0.2065737843513488,1010.7291870117188,24.5,0.0
2006-07-01,-4.822427272796631,1.0484510660171509,1011.644287109375,22.161290322580644,0.009999999776482582
2006-08-01,-4.8003106117248535,1.3315259218215942,1010.8668823242188,20.774193548387096,0.3100000023841858
2006-09-01,-5.383727550506592,1.6762089729309082,1011.1359252929688,23.7,0.6000000238418579
2006-10-01,-4.117220401763916,1.4851728677749634,1011.2296752929688,14.870967741935484,0.699999988079071
2006-11-01,-4.356997013092041,0.9208371639251708,1010.4401245117188,35.7,0.9900000095367432
2006-12-01,-5.708636283874512,0.1705125123262405,1010.31494140625,22.32258064516129,1.1399999856948853
2007-01-01,-6.288634300231934,-1.0390360355377195,1009.0078125,29.258064516129032,0.699999988079071
2007-02-01,-5.77992582321167,-0.9115076661109924,1010.2125854492188,18.428571428571427,0.12999999523162842
2007-03-01,-5.368756294250488,-1.2088639736175537,1009.5982666015624,7.193548387096774,-0.18000000715255737
2007-04-01,-4.825191020965576,-1.3427212238311768,1010.9923095703124,5.433333333333334,-0.3199999928474426
2007-05-01,-4.514009952545166,-0.605118989944458,1010.98583984375,19.548387096774192,-0.4699999988079071
2007-06-01,-5.8344011306762695,-0.1616482734680175,1010.390625,21.33333333333333,-0.3499999940395355
2007-07-01,-4.999241828918457,0.2128566205501556,1011.3505249023438,15.096774193548388,-0.5899999737739563
2007-08-01,-6.120594024658203,0.5635599493980408,1011.8502197265624,9.774193548387096,-0.7200000286102295
2007-09-01,-6.473194122314453,0.8596121668815613,1011.5403442382812,4.033333333333333,-1.1100000143051147
2007-10-01,-5.4527506828308105,0.4463034570217132,1012.1650390625,1.5161290322580645,-1.3899999856948853
2007-11-01,-6.401365280151367,0.5482850074768066,1010.2435913085938,2.833333333333333,-1.5399999618530273
2007-12-01,-6.415309429168701,-0.0588392727077007,1011.2115478515624,17.29032258064516,-1.5800000429153442
2008-01-01,-6.657721042633057,-0.885316014289856,1010.36181640625,4.129032258064516,-1.6799999475479126
2008-02-01,-5.5620598793029785,-0.6773706078529358,1011.6837768554688,2.862068965517241,-1.6699999570846558
2008-03-01,-4.673816680908203,-0.946292757987976,1011.2537841796876,15.548387096774194,-1.2100000381469727
2008-04-01,-4.398557186126709,-0.7688867449760437,1010.4620361328124,3.6,-0.9900000095367432
2008-05-01,-4.220308303833008,-0.9816015362739564,1011.4884033203124,4.580645161290323,-0.8399999737739563
2008-06-01,-4.881011009216309,-0.1860677599906921,1011.2796630859376,5.166666666666667,-0.6800000071525574
2008-07-01,-5.421537399291992,0.5519130825996399,1011.797119140625,0.6129032258064516,-0.30000001192092896
2008-08-01,-5.355806827545166,1.186266541481018,1011.823486328125,0.3225806451612903,-0.12999999523162842
2008-09-01,-5.368747234344482,1.1746026277542114,1011.5179443359376,1.1666666666666667,-0.25
2008-10-01,-5.177063465118408,1.1468535661697388,1012.0858764648438,4.161290322580645,-0.3499999940395355
2008-11-01,-5.949985027313232,0.6138246059417725,1011.0868530273438,6.633333333333334,-0.46000000834465027
2008-12-01,-6.211238384246826,0.0364356003701686,1010.7926635742188,1.032258064516129,-0.8600000143051147
2009-01-01,-5.69266414642334,-0.6286645531654358,1011.1177978515624,1.3225806451612905,-0.8899999856948853
2009-02-01,-5.658225059509277,-0.8196539878845215,1010.1980590820312,1.1785714285714286,-0.7900000214576721
2009-03-01,-4.675315856933594,-1.2082587480545044,1010.260986328125,0.6451612903225806,-0.6899999976158142
2009-04-01,-4.495133876800537,-1.3747817277908323,1010.37646484375,1.2333333333333334,-0.3499999940395355
2009-05-01,-4.424440383911133,-0.8159512281417847,1010.3712768554688,2.935483870967742,0.05999999865889549
2009-06-01,-4.209165573120117,0.0444819182157516,1011.1989135742188,6.3,0.3100000023841858
2009-07-01,-6.035284519195557,0.65419602394104,1010.5254516601562,5.516129032258065,0.47999998927116394
2009-08-01,-4.937330722808838,1.0940271615982056,1011.2832641601562,0.0,0.5600000023841858
2009-09-01,-5.862654685974121,1.3365261554718018,1010.5308837890624,7.1,0.6800000071525574
2009-10-01,-3.283684730529785,0.6741956472396851,1010.6119995117188,7.67741935483871,0.8899999856948853
2009-11-01,-4.629344463348389,0.3771576881408691,1009.3421020507812,6.866666666666666,1.4600000381469727
2009-12-01,-4.500670909881592,-0.0939269959926605,1009.5746459960938,16.322580645161292,1.7400000095367432
2010-01-01,-5.609703540802002,-0.5787750482559204,1008.259521484375,19.451612903225808,1.5199999809265137
2010-02-01,-4.247579574584961,-1.3764911890029907,1009.147705078125,28.5,1.25
2010-03-01,-4.666738033294678,-1.1377733945846558,1009.8263549804688,23.967741935483872,0.8999999761581421
2010-04-01,-4.366042613983154,-0.7964898943901062,1010.9970092773438,10.366666666666667,0.3799999952316284
2010-05-01,-5.043576717376709,-0.438458651304245,1010.6854248046876,13.903225806451612,-0.2199999988079071
2010-06-01,-5.067705631256104,-0.0661914646625518,1012.5155639648438,18.8,-0.6899999976158142
2010-07-01,-5.477137565612793,0.6387577652931213,1012.9666137695312,25.225806451612904,-1.0700000524520874
2010-08-01,-5.648750305175781,0.8882970809936523,1013.3514404296876,29.64516129032258,-1.3899999856948853
2010-09-01,-5.276010513305664,1.8298466205596924,1013.3733520507812,36.36666666666667,-1.600000023841858
2010-10-01,-5.8427815437316895,1.25308358669281,1012.9783935546876,33.645161290322584,-1.690000057220459
2010-11-01,-5.640268325805664,0.4492149353027344,1012.2694702148438,34.36666666666667,-1.6399999856948853
2010-12-01,-7.0079426765441895,0.9174767136573792,1011.2008666992188,24.548387096774192,-1.600000023841858
2011-01-01,-5.805221080780029,0.1848068982362747,1010.6561889648438,27.32258064516129,-1.5399999618530273
2011-02-01,-5.424773216247559,-0.1832666248083114,1011.5760498046876,48.285714285714285,-1.1100000143051147
2011-03-01,-5.26970911026001,-0.6038658618927002,1011.4798583984376,78.64516129032258,-0.9300000071525574
2011-04-01,-4.679436206817627,-0.7589090466499329,1011.6565551757812,76.1,-0.7699999809265137
2011-05-01,-4.591788768768311,-0.4514387547969818,1011.4805908203124,58.193548387096776,-0.5199999809265137
2011-06-01,-5.288121223449707,0.3135671615600586,1011.4022827148438,56.06666666666667,-0.3799999952316284
2011-07-01,-5.521908760070801,1.4784815311431885,1011.7510986328124,64.51612903225806,-0.4300000071525574
2011-08-01,-5.482848644256592,1.682266354560852,1012.1786499023438,65.83870967741936,-0.6499999761581421
2011-09-01,-5.5347981452941895,1.8124022483825684,1013.231201171875,120.13333333333334,-0.800000011920929
2011-10-01,-4.602535724639893,1.465673565864563,1012.5564575195312,125.6774193548387,-1.0499999523162842
2011-11-01,-5.657879829406738,1.0509896278381348,1011.8709716796876,139.06666666666666,-1.190000057220459
2011-12-01,-6.155663013458252,0.5125550627708435,1010.97216796875,109.29032258064515,-1.059999942779541
2012-01-01,-5.995629787445068,-0.6691436767578125,1011.4219360351562,94.41935483870968,-0.8700000047683716
2012-02-01,-4.413702011108398,-1.3596268892288208,1011.7442626953124,47.75862068965517,-0.6700000166893005
2012-03-01,-4.888246536254883,-1.0347168445587158,1009.8713989257812,86.64516129032258,-0.6100000143051147
2012-04-01,-4.575550079345703,-1.469785451889038,1011.4360961914062,85.9,-0.5
2012-05-01,-4.859675407409668,-0.8839488625526428,1010.7098388671876,96.48387096774194,-0.3199999928474426
2012-06-01,-4.197477340698242,-0.0082708476111292,1011.1434326171876,91.96666666666668,0.019999999552965164
2012-07-01,-5.480606555938721,0.4652585387229919,1010.3040771484376,100.12903225806453,0.25
2012-08-01,-5.14760160446167,1.0056827068328855,1011.7529296875,94.7741935483871,0.4699999988079071
2012-09-01,-5.572238922119141,1.0222402811050415,1011.8956298828124,93.7,0.3799999952316284
2012-10-01,-4.277991771697998,0.7940728068351746,1011.6128540039062,76.54838709677419,0.25999999046325684
2012-11-01,-5.489106178283691,0.7267131805419922,1011.1681518554688,87.63333333333334,0.1599999964237213
2012-12-01,-5.631248474121094,0.144705668091774,1009.9320678710938,56.80645161290322,-0.25
2013-01-01,-5.884578227996826,-0.9222837686538696,1009.6201782226562,96.06451612903226,-0.5299999713897705
2013-02-01,-5.40485143661499,-1.299773335456848,1010.2238159179688,60.92857142857143,-0.5199999809265137
2013-03-01,-4.74056339263916,-1.066864252090454,1010.5889892578124,78.3225806451613,-0.25
2013-04-01,-4.835880756378174,-0.9354583621025084,1010.5100708007812,107.33333333333331,-0.25
2013-05-01,-4.355754852294922,-0.553057849407196,1011.4326171875,120.16129032258064,-0.4000000059604645
2013-06-01,-4.830000877380371,0.3844783902168274,1010.881103515625,76.7,-0.41999998688697815
2013-07-01,-4.992808818817139,0.4084906876087188,1011.6456298828124,86.16129032258064,-0.38999998569488525
2013-08-01,-4.297134399414063,0.7031081318855286,1012.4535522460938,91.7741935483871,-0.3799999952316284
2013-09-01,-4.852823257446289,0.7352243065834045,1012.1140747070312,54.46666666666667,-0.18000000715255737
2013-10-01,-3.990443706512451,0.264309287071228,1012.2403564453124,114.35483870967742,-0.20000000298023224
2013-11-01,-4.492940425872803,-0.0694835931062698,1011.1776123046876,113.86666666666666,-0.14000000059604645
2013-12-01,-5.364824771881104,-0.3028674125671386,1010.5512084960938,124.16129032258064,-0.17000000178813934
2014-01-01,-5.16928243637085,-0.6475061774253845,1010.4449462890624,116.96774193548389,-0.49000000953674316
2014-02-01,-4.362915992736816,-1.1212939023971558,1009.6818237304688,146.07142857142858,-0.6200000047683716
2014-03-01,-4.234480381011963,-1.1823757886886597,1010.997314453125,128.74193548387098,-0.2800000011920929
2014-04-01,-3.204530954360962,-0.8320202231407166,1010.451416015625,112.46666666666668,0.07999999821186066
2014-05-01,-3.304713726043701,-0.5883912444114685,1011.797607421875,112.4516129032258,0.3199999928474426
2014-06-01,-4.322832584381104,0.0370022393763065,1011.1253662109376,102.86666666666666,0.23000000417232513
2014-07-01,-4.684267997741699,0.6628745794296265,1011.89306640625,100.19354838709675,-0.05999999865889549
2014-08-01,-4.005457401275635,1.325040340423584,1012.6692504882812,106.93548387096774,-0.029999999329447746
2014-09-01,-4.492191314697266,1.254868745803833,1011.8992309570312,130.0,0.28999999165534973
2014-10-01,-4.302654266357422,0.815619170665741,1012.1989135742188,89.96774193548387,0.4399999976158142
2014-11-01,-4.093396186828613,0.159532681107521,1011.1583251953124,103.63333333333334,0.75
2014-12-01,-5.442011833190918,-0.607679545879364,1010.001953125,112.87096774193547,0.7099999785423279
2015-01-01,-4.6860127449035645,-0.9264967441558838,1009.888916015625,93.03225806451611,0.5099999904632568
2015-02-01,-4.805926322937012,-0.6151862144470215,1010.2550659179688,66.71428571428571,0.41999998688697815
2015-03-01,-5.090882301330566,-0.7487163543701172,1010.2183837890624,54.54838709677419,0.4699999988079071
2015-04-01,-3.7188639640808105,0.2733504176139831,1010.0410766601562,75.33333333333333,0.699999988079071
2015-05-01,-3.193915843963623,0.5854388475418091,1010.6514282226562,88.83870967741936,0.9200000166893005
2015-06-01,-4.1492767333984375,0.8633819818496704,1009.8798217773438,66.46666666666667,1.1799999475479126
2015-07-01,-2.738739490509033,1.7406229972839355,1011.090087890625,65.83870967741936,1.4600000381469727
2015-08-01,-3.389092445373535,1.8692327737808228,1010.568603515625,64.41935483870968,1.9299999475479126
2015-09-01,-3.524784564971924,2.227905511856079,1010.6544189453124,78.56666666666666,2.2100000381469727
2015-10-01,-2.3939545154571533,1.575753688812256,1011.080078125,63.64516129032258,2.359999895095825
2015-11-01,-3.511983156204224,-0.0397289507091045,1009.1309814453124,62.16666666666666,2.7200000286102295
2015-12-01,-4.260659217834473,-0.9043078422546388,1008.6889038085938,58.03225806451613,2.6600000858306885
2016-01-01,-3.4844231605529785,-1.7458362579345703,1009.9151000976562,56.96774193548387,2.569999933242798
2016-02-01,-5.058956623077393,-2.0107545852661133,1008.4275512695312,56.37931034482759,2.259999990463257
2016-03-01,-4.627541542053223,-1.544353723526001,1010.5352172851562,54.064516129032256,1.6200000047683716
2016-04-01,-3.953594446182251,-1.5475940704345703,1010.0547485351562,37.9,0.9100000262260437
2016-05-01,-4.297525882720947,-0.5567348599433899,1010.902099609375,51.516129032258064,0.30000001192092896
2016-06-01,-4.1408562660217285,0.0562074668705463,1011.3897094726562,20.53333333333333,-0.029999999329447746
2016-07-01,-4.673954486846924,0.6451927423477173,1011.4501342773438,32.354838709677416,-0.47999998927116394
2016-08-01,-5.128617286682129,0.8612989783287048,1011.58837890625,50.16129032258065,-0.5799999833106995
2016-09-01,-4.964427947998047,1.3544771671295166,1012.2235717773438,44.63333333333333,-0.5799999833106995
2016-10-01,-4.4050374031066895,0.7594402432441711,1011.420654296875,33.41935483870968,-0.7400000095367432
2016-11-01,-4.272197723388672,-0.1127131506800651,1011.0213012695312,21.4,-0.7599999904632568
2016-12-01,-4.851896286010742,-0.5325871109962463,1010.5000610351562,18.483870967741936,-0.5
2017-01-01,-5.645674705505371,-0.8011050224304199,1010.4007568359376,26.06451612903226,-0.4300000071525574
2017-02-01,-4.841419696807861,-1.6694973707199097,1011.1080932617188,26.428571428571427,-0.07999999821186066
2017-03-01,-5.132756233215332,-1.623286247253418,1010.7825927734376,17.677419354838708,0.029999999329447746
2017-04-01,-4.073586463928223,-1.905855894088745,1010.314208984375,32.3,0.2199999988079071
2017-05-01,-4.418969631195068,-1.0430712699890137,1011.2225952148438,18.93548387096774,0.3700000047683716
2017-06-01,-4.308157444000244,-0.021887881681323,1011.3850708007812,19.23333333333333,0.3400000035762787
2017-07-01,-5.4637627601623535,0.9106154441833496,1011.7088623046876,17.806451612903224,0.25
2017-08-01,-5.179768085479736,1.4418751001358032,1011.984375,32.58064516129032,-0.1599999964237213
2017-09-01,-5.105499744415283,1.7874377965927124,1012.3316040039062,43.7,-0.4300000071525574
2017-10-01,-5.03296422958374,1.1070901155471802,1011.035400390625,13.193548387096774,-0.5600000023841858
2017-11-01,-5.878054618835449,0.6529372930526733,1010.7630004882812,5.7,-0.9700000286102295
2017-12-01,-5.438993453979492,0.1292945742607116,1010.7317504882812,8.161290322580646,-0.9800000190734863
2018-01-01,-6.071335792541504,-0.0086702071130275,1010.012451171875,6.806451612903226,-0.9800000190734863
2018-02-01,-5.417941570281982,-0.9849479794502258,1010.40966796875,10.678571428571429,-0.7799999713897705
2018-03-01,-5.679353713989258,-0.331320196390152,1009.3395385742188,2.4516129032258065,-0.800000011920929
2018-04-01,-5.33359432220459,-0.1229910925030708,1010.614013671875,8.933333333333334,-0.5099999904632568
2018-05-01,-4.468286037445068,0.6672436594963074,1011.4600219726562,13.129032258064516,-0.20000000298023224
2018-06-01,-3.847911834716797,1.448025107383728,1011.6265869140624,15.566666666666666,0.03999999910593033
2018-07-01,-5.690298080444336,1.5010608434677124,1011.06396484375,1.5806451612903225,0.11999999731779099
2018-08-01,-5.047702312469482,2.059163808822632,1011.5753784179688,8.709677419354838,0.09000000357627869
2018-09-01,-4.717832565307617,1.7792707681655884,1010.7200927734376,3.333333333333333,0.4699999988079071
2018-10-01,-3.9323110580444336,1.7491867542266846,1011.750244140625,4.935483870967742,0.8999999761581421
2018-11-01,-4.703237056732178,0.9699057340621948,1010.5047607421876,4.933333333333334,0.8999999761581421
2018-12-01,-5.80597448348999,0.2126738429069519,1009.621826171875,3.129032258064516,0.8899999856948853
2019-01-01,-5.684676647186279,-0.8249529600143433,1009.4994506835938,7.709677419354839,0.6499999761581421
2019-02-01,-4.813698768615723,-0.8553730845451355,1009.4375,0.8214285714285714,0.7099999785423279
2019-03-01,-4.808209419250488,-0.796051025390625,1009.2579345703124,9.419354838709678,0.8100000023841858
2019-04-01,-4.834562301635742,-0.9478799104690552,1010.3675537109376,9.066666666666666,0.6200000047683716
2019-05-01,-4.19375467300415,-0.1337469518184662,1010.605712890625,9.903225806451612,0.550000011920929
2019-06-01,-5.738427639007568,0.137730985879898,1010.477783203125,1.1666666666666667,0.44999998807907104
2019-07-01,-5.133869171142578,0.8493639230728149,1011.1382446289062,0.8709677419354839,0.3499999940395355
2019-08-01,-6.2741007804870605,1.2462607622146606,1011.4544677734376,0.4838709677419355,0.03999999910593033
2019-09-01,-4.232086658477783,1.5320249795913696,1012.4028930664062,1.1,0.029999999329447746
2019-10-01,-4.627725601196289,1.2882498502731323,1011.5180053710938,0.3870967741935484,0.47999998927116394
2019-11-01,-4.806110382080078,0.9285247921943665,1010.3064575195312,0.4666666666666667,0.5199999809265137
2019-12-01,-5.144062042236328,0.7093403339385986,1010.544921875,1.5161290322580645,0.5199999809265137
2020-01-01,-6.128255844116211,-0.2971112430095672,1009.546142578125,6.193548387096774,0.6000000238418579
2020-02-01,-5.711854934692383,-0.5694407820701599,1009.7486572265624,0.2068965517241379,0.3700000047683716
2020-03-01,-5.410214424133301,-0.4417117536067962,1010.54443359375,1.4838709677419355,0.47999998927116394
2020-04-01,-5.232832431793213,-0.6632689237594604,1011.0859375,5.2,0.36000001430511475
2020-05-01,-5.140751838684082,0.1020823642611503,1011.625,0.1935483870967742,-0.27000001072883606
2020-06-01,-4.809403896331787,0.1799851506948471,1011.2666015625,5.833333333333333,-0.3400000035762787
2020-07-01,-6.499853134155273,0.4771209359169006,1010.6497192382812,6.064516129032258,-0.30000001192092896
2020-08-01,-6.1605987548828125,1.2055847644805908,1011.3886108398438,7.483870967741935,-0.5899999737739563
2020-09-01,-6.560079097747803,1.284866213798523,1011.8507690429688,0.6,-0.8299999833106995
2020-10-01,-6.778132915496826,1.0814297199249268,1010.8709106445312,14.64516129032258,-1.2599999904632568
2020-11-01,-5.742618083953857,1.1108026504516602,1011.5865478515624,34.53333333333333,-1.4199999570846558
2020-12-01,-6.429477214813232,0.3798780143260956,1010.8209838867188,23.12903225806452,-1.149999976158142
2021-01-01,-6.152970790863037,-0.2083631306886673,1010.2119750976562,10.419354838709678,-1.0
2021-02-01,-6.27848482131958,-0.9484513998031616,1009.7150268554688,8.214285714285714,-1.0
2021-03-01,-4.974184989929199,-1.1760510206222534,1010.2630004882812,17.161290322580644,-0.800000011920929
2021-04-01,-5.29600715637207,-0.8785704374313354,1009.8167114257812,24.5,-0.7200000286102295
2021-05-01,-6.24750280380249,-0.3517192900180816,1010.3857421875,21.225806451612904,-0.46000000834465027
2021-06-01,-4.889030933380127,0.5214057564735413,1011.9862060546876,24.966666666666665,-0.2800000011920929
2021-07-01,-7.068240165710449,1.139332890510559,1011.280517578125,34.25806451612903,-0.38999998569488525
2021-08-01,-5.738954544067383,1.6437718868255615,1012.7804565429688,22.0,-0.5299999713897705
2021-09-01,-6.75141191482544,1.3732149600982666,1011.9135131835938,51.3,-0.550000011920929
2021-10-01,-5.698209762573242,1.3626049757003784,1011.467041015625,37.354838709677416,-0.9399999976158142
2021-11-01,-6.028943538665772,0.8918421864509583,1010.9891967773438,34.766666666666666,-0.9399999976158142
2021-12-01,-7.188385963439941,0.9090102314949036,1009.943359375,67.45161290322581,-1.059999942779541
2022-01-01,-6.351343154907227,-0.5825873017311096,1010.523193359375,55.29032258064516,-0.9399999976158142
2022-02-01,-7.242542266845703,-0.0623885877430439,1009.819580078125,60.85714285714285,-0.8899999856948853
2022-03-01,-6.269730091094971,-0.1717807948589325,1010.6116333007812,78.61290322580645,-0.9700000286102295
2022-04-01,-5.501927375793457,0.5635963082313538,1010.0481567382812,84.03333333333333,-1.1100000143051147
2022-05-01,-5.538969039916992,1.0565294027328491,1011.3380126953124,96.51612903225806,-1.1100000143051147
2022-06-01,-5.734943389892578,1.5340803861618042,1011.6165771484376,70.33333333333333,-0.75
2022-07-01,-7.022003650665283,2.26535439491272,1011.2807006835938,91.41935483870968,-0.6899999976158142
2022-08-01,-6.496089458465576,2.4715447425842285,1011.7013549804688,74.64516129032258,-0.9700000286102295
2022-09-01,-6.425553798675537,2.558659553527832,1012.1542358398438,95.96666666666668,-1.0700000524520874
2022-10-01,-6.686258316040039,2.0954465866088867,1011.6275024414062,95.4516129032258,-0.9900000095367432
2022-11-01,-6.283888339996338,1.1056599617004397,1011.2734375,80.5,-0.8999999761581421
2022-12-01,-7.145736217498779,0.6147398352622986,1009.881591796875,112.80645161290325,-0.8500000238418579
2023-01-01,-6.612871646881104,0.0374127328395843,1010.634765625,144.3548387096774,-0.7200000286102295
2023-02-01,-6.5644211769104,-0.0540550909936428,1009.4182739257812,111.28571428571428,-0.46000000834465027
2023-03-01,-5.270748615264893,-1.295898199081421,1010.8054809570312,123.3225806451613,-0.10999999940395355
2023-04-01,-4.952031135559082,-0.8865705132484436,1009.611328125,97.56666666666666,0.14000000059604645
2023-05-01,-5.122264385223389,-0.3444690406322479,1009.7329711914062,137.4193548387097,0.46000000834465027
2023-06-01,-5.174062252044678,0.2200010865926742,1010.4447021484376,160.5,0.8399999737739563
2023-07-01,-6.066911220550537,0.9060531854629515,1010.4510498046876,159.96774193548387,1.0199999809265137
2023-08-01,-5.00788688659668,1.1270976066589355,1011.0100708007812,114.7741935483871,1.350000023841858
2023-09-01,-5.179594039916992,1.2310802936553955,1010.1089477539062,134.23333333333332,1.600000023841858
2023-10-01,-4.445912837982178,1.3544481992721558,1011.0621337890624,99.87096774193547,1.7200000286102295
2023-11-01,-4.188943386077881,0.7888104319572449,1009.3085327148438,107.13333333333334,2.0199999809265137
2023-12-01,-4.689338684082031,0.4757460355758667,1009.0050048828124,113.5483870967742,2.0299999713897705
2024-01-01,-5.906734943389893,0.0061529907397925,1009.1856689453124,125.96774193548389,1.809999942779541
2024-02-01,-5.301090717315674,-1.692749261856079,1010.3987426757812,122.96551724137932,1.5199999809265137
2024-03-01,-5.219561100006104,-0.8557901382446289,1010.1724853515624,103.70967741935485,1.1299999952316284
2024-04-01,-4.820673942565918,-1.0063799619674685,1009.4041748046876,136.96666666666667,0.7699999809265137
2024-05-01,-5.824161052703857,-0.10364730656147,1009.7764282226562,172.09677419354838,0.23000000417232513
2024-06-01,-5.281618595123291,0.3671357929706573,1011.3095703125,164.1,0.17000000178813934
2024-07-01,-6.467457294464111,1.036959528923035,1010.7628784179688,196.80645161290323,0.03999999910593033
2024-08-01,-6.599284648895264,2.36071515083313,1012.2442626953124,216.03225806451613,-0.11999999731779099
2024-09-01,-5.778118133544922,1.5742948055267334,1010.994873046875,141.1,-0.25999999046325684
2024-10-01,-5.842187881469727,1.2852545976638794,1011.5,165.7741935483871,-0.27000001072883606
2024-11-01,-5.296126365661621,0.7656359076499939,1011.0936279296876,154.1,-0.25
2024-12-01,-6.971082210540772,0.4244327843189239,1010.0285034179688,154.5806451612903,-0.6000000238418579
2025-01-01,-6.249814987182617,-0.3589544296264648,1010.8192138671876,137.0,-0.7400000095367432
2025-02-01,-5.478026866912842,-0.6456452012062073,1011.0809326171876,154.60714285714286,-0.4300000071525574
2025-03-01,-4.482694625854492,-1.8558589220047,1010.7817993164062,134.16129032258064,0.009999999776482582
2025-04-01,-4.64349889755249,-1.616840362548828,1009.9374389648438,140.63333333333333,-0.14000000059604645
2025-05-01,-5.638271331787109,-0.9648069143295288,1010.3446655273438,79.19354838709677,-0.1599999964237213
