time,nino34_anom,pred
1960-04-01,-0.3300000131130218,-0.15619655
1960-05-01,-0.25,-0.32203788
1960-06-01,-0.4900000095367431,-0.31571227
1960-07-01,-0.4099999964237213,-0.53323156
1960-08-01,-0.1500000059604644,-0.3442815
1960-09-01,-0.2800000011920929,-0.2088149
1960-10-01,-0.4900000095367431,-0.5566118
1960-11-01,-0.449999988079071,-0.63807106
1960-12-01,-0.3799999952316284,-0.53704005
1961-01-01,-0.3100000023841858,-0.4426595
1961-02-01,-0.1899999976158142,-0.31618845
1961-03-01,-0.3499999940395355,-0.06342279
1961-04-01,-0.4600000083446502,-0.19810195
1961-05-01,-0.1800000071525573,-0.27947605
1961-06-01,-0.0599999986588954,-0.0527808
1961-07-01,-0.4099999964237213,-0.26470146
1961-08-01,-0.6700000166893005,-0.6440305
1961-09-01,-0.9399999976158142,-0.827782
1961-10-01,-1.0099999904632568,-0.9094378
1961-11-01,-0.6299999952316284,-0.97798675
1961-12-01,-0.6299999952316284,-0.7515412
1962-01-01,-0.5899999737739563,-0.7220367
1962-02-01,-0.5699999928474426,-0.5794621
1962-03-01,-0.4799999892711639,-0.50817627
1962-04-01,-0.6899999976158142,-0.3511338
1962-05-01,-0.8899999856948853,-0.79229796
1962-06-01,-0.6499999761581421,-0.8074644
1962-07-01,-0.5299999713897705,-0.41427433
1962-08-01,-0.5299999713897705,-0.69952536
1962-09-01,-0.7799999713897705,-0.63705224
1962-10-01,-0.75,-0.8677002
1962-11-01,-0.949999988079071,-0.88893604
1962-12-01,-0.9300000071525574,-1.0370408
1963-01-01,-0.7799999713897705,-0.9272528
1963-02-01,-0.5299999713897705,-0.67151076
1963-03-01,-0.1000000014901161,-0.29046264
1963-04-01,-0.0299999993294477,-0.021456571
1963-05-01,-0.3000000119209289,-0.028466495
1963-06-01,-0.1099999994039535,-0.32054737
1963-07-01,0.4900000095367431,0.1448441
1963-08-01,0.6200000047683716,0.6262441
1963-09-01,0.6800000071525574,0.7277983
1963-10-01,0.6399999856948853,0.6429694
1963-11-01,0.7699999809265137,0.5505559
1963-12-01,1.0199999809265137,0.7526598
1964-01-01,0.7900000214576721,0.8921152
1964-02-01,0.3799999952316284,0.5332416
1964-03-01,-0.2599999904632568,-0.007425913
1964-04-01,-0.8700000047683716,-0.70637864
1964-05-01,-1.1200000047683716,-1.1524078
1964-06-01,-1.1399999856948853,-1.2182151
1964-07-01,-0.959999978542328,-1.0245068
1964-08-01,-1.2599999904632568,-1.0082018
1964-09-01,-1.399999976158142,-1.19864
1964-10-01,-1.350000023841858,-1.3559734
1964-11-01,-1.440000057220459,-1.2965294
1964-12-01,-1.3700000047683716,-1.5122136
1965-01-01,-0.8899999856948853,-0.9956431
1965-02-01,-0.5600000023841858,-0.6145532
1965-03-01,-0.3400000035762787,-0.54166913
1965-04-01,-0.4399999976158142,-0.2585284
1965-05-01,0.0599999986588954,-0.34782833
1965-06-01,0.3600000143051147,0.2542842
1965-07-01,0.6100000143051147,0.4620417
1965-08-01,1.1200000047683716,0.78909063
1965-09-01,1.2899999618530271,1.337934
1965-10-01,1.4500000476837158,1.3680505
1965-11-01,1.4199999570846558,1.4334301
1965-12-01,1.3600000143051147,1.168747
1966-01-01,1.1200000047683716,1.140247
1966-02-01,0.800000011920929,0.95051104
1966-03-01,0.9300000071525574,0.736527
1966-04-01,0.3499999940395355,0.76621836
1966-05-01,-0.3799999952316284,-0.12838355
1966-06-01,-0.0799999982118606,-0.6980699
1966-07-01,0.0399999991059303,0.021708792
1966-08-01,-0.3700000047683716,-0.21651272
1966-09-01,-0.4399999976158142,-0.6763894
1966-10-01,-0.5,-0.5801624
1966-11-01,-0.4699999988079071,-0.6441325
1966-12-01,-0.5699999928474426,-0.628289
1967-01-01,-0.6700000166893005,-0.76345533
1967-02-01,-0.6399999856948853,-0.6597007
1967-03-01,-0.7799999713897705,-0.51109135
1967-04-01,-1.0800000429153442,-0.6317629
1967-05-01,-0.5899999737739563,-0.8541548
1967-06-01,-0.2599999904632568,-0.36217842
1967-07-01,-0.3300000131130218,-0.32103243
1967-08-01,-0.4199999868869781,-0.56890184
1967-09-01,-0.8600000143051147,-0.8831939
1967-10-01,-0.7400000095367432,-0.90519613
1967-11-01,-0.6200000047683716,-0.6525721
1967-12-01,-0.6499999761581421,-0.58088136
1968-01-01,-0.8500000238418579,-0.64011395
1968-02-01,-1.0700000524520874,-0.8107626
1968-03-01,-0.949999988079071,-1.0448878
1968-04-01,-0.7200000286102295,-0.8364863
1968-05-01,-0.75,-0.666146
1968-06-01,0.1500000059604644,-0.4940679
1968-07-01,0.2800000011920929,0.27104864
1968-08-01,0.1599999964237213,0.006531513
1968-09-01,0.0099999997764825,-0.030643666
1968-10-01,0.0399999991059303,-0.01829365
1968-11-01,0.5,0.16743614
1968-12-01,0.6700000166893005,0.53753513
1969-01-01,0.949999988079071,0.73748255
1969-02-01,1.1100000143051147,1.0411938
1969-03-01,0.5400000214576721,1.0048848
1969-04-01,0.3100000023841858,0.2643983
1969-05-01,0.3499999940395355,0.20066102
1969-06-01,-0.0399999991059303,0.3307977
1969-07-01,-0.209999993443489,-0.22509438
1969-08-01,0.1599999964237213,-0.14894685
1969-09-01,0.4300000071525574,0.36423048
1969-10-01,0.6200000047683716,0.6191647
1969-11-01,0.4000000059604645,0.6308049
1969-12-01,0.3799999952316284,0.2818362
1970-01-01,0.2800000011920929,0.1463172
1970-02-01,0.2000000029802322,0.10357153
1970-03-01,-0.1400000005960464,0.01727279
1970-04-01,-0.0799999982118606,-0.185214
1970-05-01,-0.3000000119209289,-0.11145265
1970-06-01,-0.6899999976158142,-0.5032084
1970-07-01,-1.0800000429153442,-0.9347313
1970-08-01,-1.2599999904632568,-1.0868044
1970-09-01,-1.0700000524520874,-1.2481605
1970-10-01,-1.1200000047683716,-1.024782
1970-11-01,-1.1299999952316284,-1.1969045
1970-12-01,-1.3300000429153442,-1.2786286
1971-01-01,-1.7300000190734863,-1.6335468
1971-02-01,-1.5700000524520874,-1.5227292
1971-03-01,-1.3600000143051147,-1.3781765
1971-04-01,-1.1799999475479126,-1.3077421
1971-05-01,-0.9800000190734864,-1.0114003
1971-06-01,-1.1299999952316284,-0.94572335
1971-07-01,-1.1699999570846558,-1.0038592
1971-08-01,-1.100000023841858,-1.1494341
1971-09-01,-1.0,-1.1241558
1971-10-01,-1.2400000095367432,-1.0842625
1971-11-01,-1.149999976158142,-1.34535
1971-12-01,-1.2300000190734863,-1.1280171
1972-01-01,-0.9200000166893004,-1.0073627
1972-02-01,-0.449999988079071,-0.5275264
1972-03-01,-0.1899999976158142,-0.36559713
1972-04-01,0.0700000002980232,-0.07148145
1972-05-01,0.3799999952316284,0.28546637
1972-06-01,0.449999988079071,0.560067
1972-07-01,0.8500000238418579,0.6867566
1972-08-01,1.090000033378601,1.1018485
1972-09-01,1.2300000190734863,1.2702372
1972-10-01,1.5399999618530271,1.2409412
1972-11-01,1.899999976158142,1.7294683
1972-12-01,2.0899999141693115,1.9757435
1973-01-01,1.7999999523162842,1.8102376
1973-02-01,1.2000000476837158,1.1605352
1973-03-01,0.270000010728836,0.43194154
1973-04-01,-0.5799999833106995,-0.30479488
1973-05-01,-0.9700000286102296,-1.2006783
1973-06-01,-1.1799999475479126,-1.096887
1973-07-01,-1.5399999618530271,-1.259348
1973-08-01,-1.6299999952316284,-1.516558
1973-09-01,-1.659999966621399,-1.397641
1973-10-01,-1.9800000190734863,-1.6120418
1973-11-01,-2.369999885559082,-1.9660558
1973-12-01,-2.259999990463257,-2.1617649
1974-01-01,-2.0899999141693115,-1.9589243
1974-02-01,-1.659999966621399,-1.7829945
1974-03-01,-1.4500000476837158,-1.2754536
1974-04-01,-1.3600000143051147,-1.288942
1974-05-01,-1.2899999618530271,-1.3214046
1974-06-01,-1.2000000476837158,-1.173511
1974-07-01,-0.8999999761581421,-1.2592345
1974-08-01,-0.5199999809265137,-0.792768
1974-09-01,-0.6399999856948853,-0.7343891
1974-10-01,-0.9399999976158142,-0.6798657
1974-11-01,-1.090000033378601,-0.9707572
1974-12-01,-0.9700000286102296,-0.8334743
1975-01-01,-0.449999988079071,-0.6555445
1975-02-01,-0.6800000071525574,-0.6044235
1975-03-01,-1.090000033378601,-0.74738634
1975-04-01,-0.959999978542328,-1.1210625
1975-05-01,-1.1299999952316284,-0.83784527
1975-06-01,-1.5,-1.1631342
1975-07-01,-1.3899999856948853,-1.4395268
1975-08-01,-1.5199999809265137,-1.4536216
1975-09-01,-1.659999966621399,-1.7670678
1975-10-01,-1.830000042915344,-1.7137059
1975-11-01,-1.659999966621399,-1.8292141
1975-12-01,-1.9299999475479128,-2.034592
1976-01-01,-2.009999990463257,-1.9196264
1976-02-01,-1.2599999904632568,-1.5060135
1976-03-01,-0.8199999928474426,-0.9234509
1976-04-01,-0.9300000071525574,-0.7028312
1976-05-01,-0.7400000095367432,-0.85824805
1976-06-01,-0.3799999952316284,-0.6100179
1976-07-01,-0.1599999964237213,-0.15691085
1976-08-01,0.1199999973177909,-0.113149405
1976-09-01,0.3000000119209289,0.4022074
1976-10-01,0.75,0.48061934
1976-11-01,0.7099999785423279,0.9728624
1976-12-01,0.4900000095367431,0.63368267
1977-01-01,0.7799999713897705,0.3590129
1977-02-01,0.3700000047683716,0.5406757
1977-03-01,0.1899999976158142,0.30553472
1977-04-01,-0.3799999952316284,0.07687006
1977-05-01,-0.209999993443489,-0.31521887
1977-06-01,0.0099999997764825,-0.08864988
1977-07-01,0.0900000035762786,0.13748117
1977-08-01,-0.0099999997764825,0.06538842
1977-09-01,0.4000000059604645,-0.017234923
1977-10-01,0.6299999952316284,0.54219055
1977-11-01,0.4799999892711639,0.80644184
1977-12-01,0.699999988079071,0.4838709
1978-01-01,0.6200000047683716,0.534154
1978-02-01,0.25,0.31311005
1978-03-01,-0.2000000029802322,-0.08674132
1978-04-01,-0.699999988079071,-0.464331
1978-05-01,-0.7400000095367432,-0.8053192
1978-06-01,-0.7099999785423279,-0.47857797
1978-07-01,-0.550000011920929,-0.5355017
1978-08-01,-0.7900000214576721,-0.5479807
1978-09-01,-0.7099999785423279,-0.76157326
1978-10-01,-0.4600000083446502,-0.5825382
1978-11-01,-0.3799999952316284,-0.3093279
1978-12-01,-0.0599999986588954,-0.25913298
1979-01-01,-0.1299999952316284,0.009987376
1979-02-01,-0.2199999988079071,-0.13301386
1979-03-01,-0.0199999995529651,-0.25838926
1979-04-01,0.0199999995529651,0.06811937
1979-05-01,-0.25,-0.050980687
1979-06-01,-0.2899999916553497,-0.12511231
1979-07-01,-0.4699999988079071,-0.23674227
1979-08-01,-0.1000000014901161,-0.12703693
1979-09-01,0.2800000011920929,0.09724099
1979-10-01,0.1099999994039535,0.38909915
1979-11-01,0.2899999916553497,0.1661637
1979-12-01,0.5199999809265137,0.2271852
1980-01-01,0.5400000214576721,0.46319887
1980-02-01,0.2199999988079071,0.33927554
1980-03-01,0.0299999993294477,0.16490774
1980-04-01,-0.0700000002980232,0.11234348
1980-05-01,0.0799999982118606,0.11793389
1980-06-01,0.209999993443489,0.08752891
1980-07-01,-0.0599999986588954,0.07183262
1980-08-01,-0.3799999952316284,-0.2866051
1980-09-01,-0.2800000011920929,-0.3422455
1980-10-01,-0.2599999904632568,-0.21446678
1980-11-01,-0.1000000014901161,-0.2758995
1980-12-01,0.050000000745058,0.005937806
1981-01-01,-0.3600000143051147,-0.15119787
1981-02-01,-0.6399999856948853,-0.38162467
1981-03-01,-0.6399999856948853,-0.6287537
1981-04-01,-0.5299999713897705,-0.43320125
1981-05-01,-0.5699999928474426,-0.42134517
1981-06-01,-0.4600000083446502,-0.4671931
1981-07-01,-0.6399999856948853,-0.51808155
1981-08-01,-0.5299999713897705,-0.5253372
1981-09-01,-0.1899999976158142,-0.40883762
1981-10-01,-0.3000000119209289,-0.046360165
1981-11-01,-0.4099999964237213,-0.28846478
1981-12-01,-0.2000000029802322,-0.3022869
1982-01-01,0.1299999952316284,-0.19707786
1982-02-01,-0.1700000017881393,0.047849543
1982-03-01,0.1299999952316284,-0.22695565
1982-04-01,0.209999993443489,0.30540538
1982-05-01,0.449999988079071,0.29754582
1982-06-01,0.5299999713897705,0.5708828
1982-07-01,0.3700000047683716,0.7247886
1982-08-01,0.7300000190734863,0.39539495
1982-09-01,1.4900000095367432,1.0873481
1982-10-01,1.9900000095367432,1.8815234
1982-11-01,1.919999957084656,2.2004805
1982-12-01,2.200000047683716,2.0324073
1983-01-01,2.3499999046325684,2.326221
1983-02-01,1.940000057220459,2.2780972
1983-03-01,1.3799999952316284,1.3559123
1983-04-01,0.949999988079071,1.0254825
1983-05-01,0.8999999761581421,0.77627134
1983-06-01,0.5400000214576721,0.62418
1983-07-01,-0.1099999994039535,0.08666008
1983-08-01,-0.270000010728836,-0.46596527
1983-09-01,-0.5199999809265137,-0.3689318
1983-10-01,-1.159999966621399,-0.7654696
1983-11-01,-1.2899999618530271,-1.2395248
1983-12-01,-1.0299999713897705,-1.1009651
1984-01-01,-0.6700000166893005,-0.66013247
1984-02-01,-0.1899999976158142,-0.4793094
1984-03-01,-0.5199999809265137,-0.15268971
1984-04-01,-0.6800000071525574,-0.5199762
1984-05-01,-0.7300000190734863,-0.61362964
1984-06-01,-0.8999999761581421,-0.5956689
1984-07-01,-0.5,-0.801966
1984-08-01,-0.2399999946355819,-0.4646718
1984-09-01,-0.3400000035762787,-0.44432712
1984-10-01,-0.6700000166893005,-0.73936015
1984-11-01,-1.190000057220459,-1.1018072
1984-12-01,-1.340000033378601,-1.0771066
1985-01-01,-1.159999966621399,-1.1246939
1985-02-01,-0.7200000286102295,-0.7443059
1985-03-01,-0.7900000214576721,-0.5432585
1985-04-01,-1.1799999475479126,-0.75324655
1985-05-01,-1.0299999713897705,-1.2024075
1985-06-01,-0.9100000262260436,-0.8734435
1985-07-01,-0.7400000095367432,-0.77558225
1985-08-01,-0.5600000023841858,-0.71155864
1985-09-01,-0.699999988079071,-0.61606526
1985-10-01,-0.4900000095367431,-0.5233219
1985-11-01,-0.3700000047683716,-0.41612747
1985-12-01,-0.4099999964237213,-0.5463992
1986-01-01,-0.6600000262260437,-0.65770733
1986-02-01,-0.7099999785423279,-0.61351323
1986-03-01,-0.4199999868869781,-0.60078067
1986-04-01,-0.3300000131130218,-0.17252444
1986-05-01,-0.5299999713897705,-0.1418773
1986-06-01,-0.3100000023841858,-0.29425606
1986-07-01,-0.1099999994039535,-0.13079914
1986-08-01,0.3199999928474426,0.072001435
1986-09-01,0.5299999713897705,0.5542832
1986-10-01,0.8100000023841858,0.5462674
1986-11-01,1.0099999904632568,1.05225
1986-12-01,1.1200000047683716,1.0020524
1987-01-01,1.1399999856948853,1.055631
1987-02-01,1.1299999952316284,1.1151917
1987-03-01,0.9800000190734864,1.0604057
1987-04-01,0.5799999833106995,0.75724524
1987-05-01,0.6200000047683716,0.50469923
1987-06-01,0.9200000166893004,0.5874763
1987-07-01,1.2899999618530271,1.2747995
1987-08-01,1.5700000524520874,1.5299795
1987-09-01,1.649999976158142,1.4808607
1987-10-01,1.2400000095367432,1.5106945
1987-11-01,1.0700000524520874,0.8646336
1987-12-01,0.9399999976158142,0.8491738
1988-01-01,0.8999999761581421,0.5823606
1988-02-01,0.2800000011920929,0.60393524
1988-03-01,0.1000000014901161,-0.13200414
1988-04-01,-0.4399999976158142,-0.20217761
1988-05-01,-1.25,-0.79079926
1988-06-01,-1.7400000095367432,-1.6322204
1988-07-01,-1.7400000095367432,-1.6926488
1988-08-01,-1.190000057220459,-1.4497876
1988-09-01,-1.0,-1.2841665
1988-10-01,-1.899999976158142,-1.5600408
1988-11-01,-2.049999952316284,-1.9969829
1988-12-01,-1.9600000381469729,-1.9979439
1989-01-01,-1.9700000286102293,-1.9976795
1989-02-01,-1.4700000286102295,-1.5311239
1989-03-01,-1.2100000381469729,-1.1746495
1989-04-01,-1.0800000429153442,-1.1269965
1989-05-01,-0.8799999952316284,-0.9729271
1989-06-01,-0.5899999737739563,-0.70352125
1989-07-01,-0.5699999928474426,-0.59816635
1989-08-01,-0.5299999713897705,-0.5822955
1989-09-01,-0.3000000119209289,-0.42244613
1989-10-01,-0.4000000059604645,-0.27251336
1989-11-01,-0.449999988079071,-0.3060271
1989-12-01,-0.1299999952316284,-0.42421293
1990-01-01,0.0099999997764825,0.022668233
1990-02-01,0.209999993443489,-0.09300882
1990-03-01,0.0399999991059303,0.123736225
1990-04-01,0.0799999982118606,0.0067366124
1990-05-01,0.0799999982118606,0.16124578
1990-06-01,-0.0799999982118606,0.14953716
1990-07-01,0.0900000035762786,-0.038571194
1990-08-01,0.2199999988079071,0.13870983
1990-09-01,0.2199999988079071,0.25791582
1990-10-01,0.209999993443489,0.26416537
1990-11-01,0.1000000014901161,0.2579809
1990-12-01,0.3499999940395355,0.16403754
1991-01-01,0.4900000095367431,0.33876467
1991-02-01,0.3199999928474426,0.4493014
1991-03-01,0.0299999993294477,0.14166744
1991-04-01,0.1899999976158142,-0.015778879
1991-05-01,0.2599999904632568,0.17341189
1991-06-01,0.5199999809265137,0.4307498
1991-07-01,0.7599999904632568,0.6457371
1991-08-01,0.6800000071525574,0.83067405
1991-09-01,0.4199999868869781,0.6103626
1991-10-01,0.8600000143051147,0.4175718
1991-11-01,1.2000000476837158,1.0257559
1991-12-01,1.690000057220459,1.4476509
1992-01-01,1.840000033378601,1.9184604
1992-02-01,1.7799999713897705,1.7721252
1992-03-01,1.3799999952316284,1.6350462
1992-04-01,1.2000000476837158,1.0423579
1992-05-01,1.0399999618530271,0.9988758
1992-06-01,0.5799999833106995,0.7790826
1992-07-01,0.2199999988079071,0.19131087
1992-08-01,0.050000000745058,-0.053998657
1992-09-01,-0.0599999986588954,-0.1323662
1992-10-01,-0.3000000119209289,0.031045979
1992-11-01,-0.2800000011920929,-0.24047706
1992-12-01,-0.1500000059604644,-0.0940933
1993-01-01,0.1400000005960464,-0.19623299
1993-02-01,0.4099999964237213,0.040972836
1993-03-01,0.3899999856948852,0.34816045
1993-04-01,0.5899999737739563,0.40848783
1993-05-01,0.7799999713897705,0.5525426
1993-06-01,0.3499999940395355,0.7745549
1993-07-01,0.2300000041723251,0.14715014
1993-08-01,0.1299999952316284,0.11266523
1993-09-01,0.3499999940395355,0.15412636
1993-10-01,0.0599999986588954,0.51923645
1993-11-01,0.0,-0.036146216
1993-12-01,0.1599999964237213,0.036847495
1994-01-01,0.1000000014901161,0.12700753
1994-02-01,0.0599999986588954,0.09354208
1994-03-01,0.1099999994039535,0.037010275
1994-04-01,0.2599999904632568,0.21687053
1994-05-01,0.3100000023841858,0.3848854
1994-06-01,0.3199999928474426,0.47319707
1994-07-01,0.2399999946355819,0.4018393
1994-08-01,0.5299999713897705,0.1720924
1994-09-01,0.4799999892711639,0.58108985
1994-10-01,0.75,0.6484645
1994-11-01,1.1100000143051147,0.9126256
1994-12-01,1.25,1.1968037
1995-01-01,1.0199999809265137,1.0067643
1995-02-01,0.7300000190734863,0.5958935
1995-03-01,0.4600000083446502,0.4304876
1995-04-01,0.2800000011920929,0.4029515
1995-05-01,-0.1099999994039535,0.060857825
1995-06-01,-0.1400000005960464,-0.21849142
1995-07-01,-0.209999993443489,-0.12141253
1995-08-01,-0.6299999952316284,-0.4707555
1995-09-01,-0.8399999737739563,-0.80949014
1995-10-01,-0.8799999952316284,-1.0230303
1995-11-01,-1.100000023841858,-1.026389
1995-12-01,-0.949999988079071,-1.136463
1996-01-01,-0.8600000143051147,-0.8317157
1996-02-01,-0.8600000143051147,-0.7912158
1996-03-01,-0.6100000143051147,-0.8021896
1996-04-01,-0.4699999988079071,-0.47880542
1996-05-01,-0.3799999952316284,-0.40874824
1996-06-01,-0.4399999976158142,-0.30657622
1996-07-01,-0.4399999976158142,-0.55839974
1996-08-01,-0.2199999988079071,-0.44750085
1996-09-01,-0.449999988079071,-0.22581938
1996-10-01,-0.4399999976158142,-0.5353687
1996-11-01,-0.4099999964237213,-0.32658243
1996-12-01,-0.6399999856948853,-0.48315892
1997-01-01,-0.5299999713897705,-0.68263954
1997-02-01,-0.3700000047683716,-0.4480371
1997-03-01,-0.25,-0.34036347
1997-04-01,0.1599999964237213,0.027447289
1997-05-01,0.6399999856948853,0.5583476
1997-06-01,1.090000033378601,0.9482922
1997-07-01,1.559999942779541,1.4227563
1997-08-01,1.8899999856948853,1.9157591
1997-09-01,2.130000114440918,2.1121497
1997-10-01,2.359999895095825,2.3410878
1997-11-01,2.4100000858306885,2.3130982
1997-12-01,2.289999961853028,2.2739697
1998-01-01,2.380000114440918,2.2559328
1998-02-01,2.0299999713897705,2.105024
1998-03-01,1.340000033378601,1.3776563
1998-04-01,0.7799999713897705,0.8098829
1998-05-01,0.5699999928474426,0.32721102
1998-06-01,-0.3899999856948852,-0.16837838
1998-07-01,-0.9900000095367432,-1.0440629
1998-08-01,-1.2799999713897705,-1.35539
1998-09-01,-1.2599999904632568,-1.2675259
1998-10-01,-1.4600000381469729,-1.262234
1998-11-01,-1.4600000381469729,-1.3567306
1998-12-01,-1.690000057220459,-1.5526398
1999-01-01,-1.690000057220459,-1.7223043
1999-02-01,-1.3200000524520874,-1.4515522
1999-03-01,-0.949999988079071,-1.0110639
1999-04-01,-1.1100000143051147,-0.700159
1999-05-01,-1.149999976158142,-1.0917741
1999-06-01,-1.190000057220459,-1.1006672
1999-07-01,-1.1699999570846558,-1.295466
1999-08-01,-1.2200000286102295,-1.1833962
1999-09-01,-1.090000033378601,-1.0697451
1999-10-01,-1.2300000190734863,-1.1450971
1999-11-01,-1.5800000429153442,-1.4949844
1999-12-01,-1.7400000095367432,-1.8029507
2000-01-01,-1.7699999809265137,-1.7627168
2000-02-01,-1.5499999523162842,-1.5539768
2000-03-01,-0.9800000190734864,-0.9342976
2000-04-01,-0.8700000047683716,-0.76298213
2000-05-01,-0.8600000143051147,-0.8067086
2000-06-01,-0.7900000214576721,-0.65717036
2000-07-01,-0.6700000166893005,-0.4366885
2000-08-01,-0.4900000095367431,-0.65113914
2000-09-01,-0.5199999809265137,-0.4799878
2000-10-01,-0.699999988079071,-0.5082776
2000-11-01,-0.7900000214576721,-0.65873736
2000-12-01,-0.9200000166893004,-0.71733564
2001-01-01,-0.7300000190734863,-0.79341084
2001-02-01,-0.6299999952316284,-0.36008278
2001-03-01,-0.4799999892711639,-0.64722586
2001-04-01,-0.4900000095367431,-0.4818913
2001-05-01,-0.3400000035762787,-0.41916388
2001-06-01,-0.1899999976158142,-0.2703746
2001-07-01,-0.0399999991059303,-0.021697903
2001-08-01,-0.050000000745058,-0.021606067
2001-09-01,-0.2000000029802322,-0.02782333
2001-10-01,-0.1400000005960464,-0.18887965
2001-11-01,-0.3700000047683716,-0.12433295
2001-12-01,-0.4099999964237213,-0.3541464
2002-01-01,-0.1500000059604644,-0.28753117
2002-02-01,-0.0399999991059303,-0.13107626
2002-03-01,0.0099999997764825,-0.006504202
2002-04-01,0.0199999995529651,-0.001680219
2002-05-01,0.3100000023841858,0.21361913
2002-06-01,0.7200000286102295,0.6464667
2002-07-01,0.7400000095367432,0.97803575
2002-08-01,0.8700000047683716,0.8486923
2002-09-01,1.090000033378601,1.060711
2002-10-01,1.25,1.2807335
2002-11-01,1.4700000286102295,1.2856802
2002-12-01,1.3700000047683716,1.2530832
2003-01-01,0.6000000238418579,0.96808857
2003-02-01,0.6399999856948853,0.10347734
2003-03-01,0.3600000143051147,0.28644598
2003-04-01,-0.1400000005960464,0.059221663
2003-05-01,-0.6100000143051147,-0.46589297
2003-06-01,-0.2899999916553497,-0.566911
2003-07-01,0.209999993443489,0.03599722
2003-08-01,0.2599999904632568,0.3464089
2003-09-01,0.270000010728836,0.2599251
2003-10-01,0.4199999868869781,0.31905395
2003-11-01,0.3300000131130218,0.49760285
2003-12-01,0.4300000071525574,0.31788093
2004-01-01,0.270000010728836,0.22546573
2004-02-01,0.2300000041723251,0.14081971
2004-03-01,0.1199999973177909,0.24540193
2004-04-01,0.0700000002980232,0.056200467
2004-05-01,0.0599999986588954,0.033675767
2004-06-01,0.1299999952316284,0.07314817
2004-07-01,0.4900000095367431,0.23873381
2004-08-01,0.7599999904632568,0.66413116
2004-09-01,0.8100000023841858,0.9069542
2004-10-01,0.7300000190734863,0.80229425
2004-11-01,0.6600000262260437,0.627898
2004-12-01,0.7400000095367432,0.6246906
2005-01-01,0.6600000262260437,0.6599123
2005-02-01,0.3600000143051147,0.52471507
2005-03-01,0.449999988079071,0.09261646
2005-04-01,0.2599999904632568,0.46250597
2005-05-01,0.3000000119209289,0.21467291
2005-06-01,0.0399999991059303,0.23269497
2005-07-01,-0.2300000041723251,0.006012431
2005-08-01,-0.050000000745058,-0.17905872
2005-09-01,-0.0399999991059303,0.05369758
2005-10-01,-0.0599999986588954,-0.09394533
2005-11-01,-0.5899999737739563,-0.067814276
2005-12-01,-0.9200000166893004,-0.8335298
2006-01-01,-0.9100000262260436,-0.9829763
2006-02-01,-0.6700000166893005,-0.80069584
2006-03-01,-0.7099999785423279,-0.51880836
2006-04-01,-0.3199999928474426,-0.4691213
2006-05-01,-0.0900000035762786,-0.0413519
2006-06-01,0.0,0.01453074
2006-07-01,0.0099999997764825,0.08689479
2006-08-01,0.3100000023841858,0.19554378
2006-09-01,0.6000000238418579,0.39617524
2006-10-01,0.699999988079071,0.93009454
2006-11-01,0.9900000095367432,0.9065257
2006-12-01,1.1399999856948853,1.0862947
2007-01-01,0.699999988079071,0.95072144
2007-02-01,0.1299999952316284,0.29597846
2007-03-01,-0.1800000071525573,-0.07927681
2007-04-01,-0.3199999928474426,-0.28634328
2007-05-01,-0.4699999988079071,-0.2484729
2007-06-01,-0.3499999940395355,-0.33498386
2007-07-01,-0.5899999737739563,-0.20832178
2007-08-01,-0.7200000286102295,-0.8295081
2007-09-01,-1.1100000143051147,-0.97514415
2007-10-01,-1.3899999856948853,-1.4949226
2007-11-01,-1.5399999618530271,-1.27397
2007-12-01,-1.5800000429153442,-1.6115702
2008-01-01,-1.6799999475479126,-1.5716199
2008-02-01,-1.6699999570846558,-1.5834733
2008-03-01,-1.2100000381469729,-1.2215436
2008-04-01,-0.9900000095367432,-1.0318379
2008-05-01,-0.8399999737739563,-0.79896086
2008-06-01,-0.6800000071525574,-0.6589431
2008-07-01,-0.3000000119209289,-0.37946802
2008-08-01,-0.1299999952316284,-0.12380826
2008-09-01,-0.25,-0.16347036
2008-10-01,-0.3499999940395355,-0.24509692
2008-11-01,-0.4600000083446502,-0.49133915
2008-12-01,-0.8600000143051147,-0.8346732
2009-01-01,-0.8899999856948853,-1.0515312
2009-02-01,-0.7900000214576721,-0.8090832
2009-03-01,-0.6899999976158142,-0.6747299
2009-04-01,-0.3499999940395355,-0.41920966
2009-05-01,0.0599999986588954,-0.047417335
2009-06-01,0.3100000023841858,0.34330133
2009-07-01,0.4799999892711639,0.42907456
2009-08-01,0.5600000023841858,0.5759375
2009-09-01,0.6800000071525574,0.62362474
2009-10-01,0.8899999856948853,0.9824926
2009-11-01,1.4600000381469729,1.319393
2009-12-01,1.7400000095367432,1.8491865
2010-01-01,1.5199999809265137,1.6020555
2010-02-01,1.25,1.293691
2010-03-01,0.8999999761581421,0.952521
2010-04-01,0.3799999952316284,0.47413304
2010-05-01,-0.2199999988079071,-0.112133995
2010-06-01,-0.6899999976158142,-0.5273919
2010-07-01,-1.0700000524520874,-0.9780546
2010-08-01,-1.3899999856948853,-1.3299817
2010-09-01,-1.600000023841858,-1.6636033
2010-10-01,-1.690000057220459,-1.5908675
2010-11-01,-1.6399999856948853,-1.5969137
2010-12-01,-1.600000023841858,-1.7358656
2011-01-01,-1.5399999618530271,-1.806244
2011-02-01,-1.1100000143051147,-1.5361258
2011-03-01,-0.9300000071525574,-0.9596659
2011-04-01,-0.7699999809265137,-0.9433475
2011-05-01,-0.5199999809265137,-0.7168618
2011-06-01,-0.3799999952316284,-0.31563148
2011-07-01,-0.4300000071525574,-0.3029325
2011-08-01,-0.6499999761581421,-0.72034955
2011-09-01,-0.800000011920929,-0.9477512
2011-10-01,-1.0499999523162842,-0.96058625
2011-11-01,-1.190000057220459,-1.2395593
2011-12-01,-1.059999942779541,-1.1895369
2012-01-01,-0.8700000047683716,-1.1610342
2012-02-01,-0.6700000166893005,-0.6717705
2012-03-01,-0.6100000143051147,-0.57501084
2012-04-01,-0.5,-0.4627011
2012-05-01,-0.3199999928474426,-0.3588227
2012-06-01,0.0199999995529651,-0.17455965
2012-07-01,0.25,0.25648022
2012-08-01,0.4699999988079071,0.30269796
2012-09-01,0.3799999952316284,0.45260623
2012-10-01,0.2599999904632568,0.26459447
2012-11-01,0.1599999964237213,0.22556297
2012-12-01,-0.25,0.11047936
2013-01-01,-0.5299999713897705,-0.37802187
2013-02-01,-0.5199999809265137,-0.5841821
2013-03-01,-0.25,-0.37315923
2013-04-01,-0.25,-0.11046499
2013-05-01,-0.4000000059604645,-0.25257117
2013-06-01,-0.4199999868869781,-0.26322943
2013-07-01,-0.3899999856948852,-0.25336027
2013-08-01,-0.3799999952316284,-0.4019483
2013-09-01,-0.1800000071525573,-0.35627842
2013-10-01,-0.2000000029802322,-0.1473327
2013-11-01,-0.1400000005960464,-0.3333238
2013-12-01,-0.1700000017881393,-0.30525544
2014-01-01,-0.4900000095367431,-0.45605353
2014-02-01,-0.6200000047683716,-0.5827223
2014-03-01,-0.2800000011920929,-0.49259856
2014-04-01,0.0799999982118606,0.026852598
2014-05-01,0.3199999928474426,0.18191119
2014-06-01,0.2300000041723251,0.35352626
2014-07-01,-0.0599999986588954,0.21280958
2014-08-01,-0.0299999993294477,-0.030443678
2014-09-01,0.2899999916553497,0.20027249
2014-10-01,0.4399999976158142,0.39029285
2014-11-01,0.75,0.53976554
2014-12-01,0.7099999785423279,0.7606415
2015-01-01,0.5099999904632568,0.41785553
2015-02-01,0.4199999868869781,0.17490475
2015-03-01,0.4699999988079071,0.30010277
2015-04-01,0.699999988079071,0.8456002
2015-05-01,0.9200000166893004,0.9726506
2015-06-01,1.1799999475479126,1.2157868
2015-07-01,1.4600000381469729,1.5303162
2015-08-01,1.9299999475479128,1.8609228
2015-09-01,2.2100000381469727,2.1744392
2015-10-01,2.359999895095825,2.394219
2015-11-01,2.720000028610229,2.6609385
2015-12-01,2.6600000858306885,2.6357229
2016-01-01,2.569999933242798,2.506839
2016-02-01,2.259999990463257,2.254409
2016-03-01,1.6200000047683716,1.6266503
2016-04-01,0.9100000262260436,0.9463417
2016-05-01,0.3000000119209289,0.3374631
2016-06-01,-0.0299999993294477,-0.097707435
2016-07-01,-0.4799999892711639,-0.18152957
2016-08-01,-0.5799999833106995,-0.5554226
2016-09-01,-0.5799999833106995,-0.48864815
2016-10-01,-0.7400000095367432,-0.4793099
2016-11-01,-0.7599999904632568,-0.75456494
2016-12-01,-0.5,-0.74718857
2017-01-01,-0.4300000071525574,-0.32415658
2017-02-01,-0.0799999982118606,-0.31643876
2017-03-01,0.0299999993294477,0.02208457
2017-04-01,0.2199999988079071,0.22001125
2017-05-01,0.3700000047683716,0.30447084
2017-06-01,0.3400000035762787,0.43596318
2017-07-01,0.25,0.26085782
2017-08-01,-0.1599999964237213,0.16564165
2017-09-01,-0.4300000071525574,-0.370557
2017-10-01,-0.5600000023841858,-0.53205127
2017-11-01,-0.9700000286102296,-0.88557166
2017-12-01,-0.9800000190734864,-1.2673851
2018-01-01,-0.9800000190734864,-1.0678505
2018-02-01,-0.7799999713897705,-0.7875311
2018-03-01,-0.800000011920929,-0.6514116
2018-04-01,-0.5099999904632568,-0.6023743
2018-05-01,-0.2000000029802322,-0.16491465
2018-06-01,0.0399999991059303,0.16589142
2018-07-01,0.1199999973177909,-0.0057695596
2018-08-01,0.0900000035762786,0.17095165
2018-09-01,0.4699999988079071,0.32305297
2018-10-01,0.8999999761581421,0.8180675
2018-11-01,0.8999999761581421,1.1035931
2018-12-01,0.8899999856948853,0.89727217
2019-01-01,0.6499999761581421,0.74515843
2019-02-01,0.7099999785423279,0.5290663
2019-03-01,0.8100000023841858,0.8406235
2019-04-01,0.6200000047683716,0.67695534
2019-05-01,0.550000011920929,0.60090685
2019-06-01,0.449999988079071,0.5211491
2019-07-01,0.3499999940395355,0.42600968
2019-08-01,0.0399999991059303,0.06595232
2019-09-01,0.0299999993294477,0.061057694
2019-10-01,0.4799999892711639,0.023175856
2019-11-01,0.5199999809265137,0.64006877
2019-12-01,0.5199999809265137,0.51643
2020-01-01,0.6000000238418579,0.41843352
2020-02-01,0.3700000047683716,0.4226633
2020-03-01,0.4799999892711639,0.14278232
2020-04-01,0.3600000143051147,0.26227075
2020-05-01,-0.270000010728836,0.084895246
2020-06-01,-0.3400000035762787,-0.48799253
2020-07-01,-0.3000000119209289,-0.28902006
2020-08-01,-0.5899999737739563,-0.513367
2020-09-01,-0.8299999833106995,-0.9692412
2020-10-01,-1.2599999904632568,-1.0990785
2020-11-01,-1.4199999570846558,-1.3925501
2020-12-01,-1.149999976158142,-1.2531857
2021-01-01,-1.0,-0.8837185
2021-02-01,-1.0,-0.8757666
2021-03-01,-0.800000011920929,-0.9427837
2021-04-01,-0.7200000286102295,-0.5528877
2021-05-01,-0.4600000083446502,-0.54374146
2021-06-01,-0.2800000011920929,-0.15762036
2021-07-01,-0.3899999856948852,-0.3761149
2021-08-01,-0.5299999713897705,-0.6406814
2021-09-01,-0.550000011920929,-0.68678075
2021-10-01,-0.9399999976158142,-0.72957766
2021-11-01,-0.9399999976158142,-0.9758805
2021-12-01,-1.059999942779541,-0.9405497
2022-01-01,-0.9399999976158142,-0.8632327
2022-02-01,-0.8899999856948853,-0.9333672
2022-03-01,-0.9700000286102296,-0.8016957
2022-04-01,-1.1100000143051147,-0.74203897
2022-05-01,-1.1100000143051147,-0.94281596
2022-06-01,-0.75,-0.939948
2022-07-01,-0.6899999976158142,-0.65425795
2022-08-01,-0.9700000286102296,-0.8253262
2022-09-01,-1.0700000524520874,-0.99002904
2022-10-01,-0.9900000095367432,-1.1129075
2022-11-01,-0.8999999761581421,-0.9445445
2022-12-01,-0.8500000238418579,-0.8544491
2023-01-01,-0.7200000286102295,-0.74208575
2023-02-01,-0.4600000083446502,-0.5739996
2023-03-01,-0.1099999994039535,-0.2578727
2023-04-01,0.1400000005960464,0.1370859
2023-05-01,0.4600000083446502,0.38095298
2023-06-01,0.8399999737739563,0.74816936
2023-07-01,1.0199999809265137,0.99439245
2023-08-01,1.350000023841858,1.2431614
2023-09-01,1.600000023841858,1.584476
2023-10-01,1.7200000286102295,1.7318382
2023-11-01,2.0199999809265137,1.9341373
2023-12-01,2.0299999713897705,2.1488888
2024-01-01,1.809999942779541,1.9093883
2024-02-01,1.5199999809265137,1.3090795
2024-03-01,1.1299999952316284,1.0757955
2024-04-01,0.7699999809265137,0.80121344
2024-05-01,0.2300000041723251,0.4859245
2024-06-01,0.1700000017881393,0.18701948
2024-07-01,0.0399999991059303,0.12086626
2024-08-01,-0.1199999973177909,-0.19747885
2024-09-01,-0.2599999904632568,-0.05118186
2024-10-01,-0.270000010728836,-0.24794038
2024-11-01,-0.25,-0.11935233
2024-12-01,-0.6000000238418579,-0.31399474
2025-01-01,-0.7400000095367432,-0.7275876
2025-02-01,-0.4300000071525574,-0.540736
2025-03-01,0.0099999997764825,-0.25364232
2025-04-01,-0.1400000005960464,0.03827133
2025-05-01,-0.1599999964237213,-0.07351776
2025-06-01,,-0.16997947
2025-07-01,,-0.17785761
2025-08-01,,-0.18416636
2025-09-01,,-0.1889153
2025-10-01,,-0.19235778
2025-11-01,,-0.19482233
2025-12-01,,-0.1965865
2026-01-01,,-0.1978532
2026-02-01,,-0.19876476
2026-03-01,,-0.19942158
2026-04-01,,-0.19989496
2026-05-01,,-0.2002363
2026-06-01,,-0.20048244
2026-07-01,,-0.20066
2026-08-01,,-0.20078795
2026-09-01,,-0.2008801
2026-10-01,,-0.20094664
2026-11-01,,-0.20099452
2026-12-01,,-0.20102924
2027-01-01,,-0.2010543
2027-02-01,,-0.20107235
2027-03-01,,-0.20108536
2027-04-01,,-0.20109473
2027-05-01,,-0.20110147
2027-06-01,,-0.20110631
2027-07-01,,-0.20110974
2027-08-01,,-0.20111226
2027-09-01,,-0.20111415
2027-10-01,,-0.20111544
2027-11-01,,-0.20111638
2027-12-01,,-0.20111714
2028-01-01,,-0.20111763
2028-02-01,,-0.20111802
2028-03-01,,-0.20111817
2028-04-01,,-0.20111832
2028-05-01,,-0.20111835
2028-06-01,,-0.20111841
2028-07-01,,-0.20111842
2028-08-01,,-0.2011184
2028-09-01,,-0.20111838
2028-10-01,,-0.20111845
2028-11-01,,-0.20111845
2028-12-01,,-0.20111842
2029-01-01,,-0.20111838
2029-02-01,,-0.20111841
2029-03-01,,-0.2011185
2029-04-01,,-0.20111851
2029-05-01,,-0.20111853
2029-06-01,,-0.20111863
2029-07-01,,-0.20111865
2029-08-01,,-0.20111863
2029-09-01,,-0.20111859
2029-10-01,,-0.20111854
2029-11-01,,-0.20111854
2029-12-01,,-0.2011186
2030-01-01,,-0.20111865
2030-02-01,,-0.20111865
2030-03-01,,-0.20111859
2030-04-01,,-0.20111854
2030-05-01,,-0.20111853
2030-06-01,,-0.20111868
2030-07-01,,-0.20111877
2030-08-01,,-0.20111887
2030-09-01,,-0.20111886
2030-10-01,,-0.2011188
2030-11-01,,-0.20111871
2030-12-01,,-0.20111874
